recno,RA_ICRS,DE_ICRS,GaiaDR2,GLON,GLAT,Plx,e_Plx,pmRA*,e_pmRA*,pmDE,e_pmDE,RV,e_RV,o_Gmag,Gmag,BP-RP,proba,Cluster,Teff50,_RA.icrs,_DE.icrs
120507,268.9825686163,-35.36187526906,4040537732755028352,355.58000888643227,-5.1534009518214585,3.579549854236949,0.1465025330661428,2.608551206415602,0.2557301625337067,-5.38742077510427,0.2089066107958498,,,126,17.211266,2.3654318,0.9,NGC_6475         ,3775.1924,268.98255484429,-35.36185207322
120589,268.96052674699,-35.32292448816,4040561544062678656,355.60495178020045,-5.118425631333702,3.7570100487981617,0.0381544215335476,2.8491676667402306,0.0630775829278807,-5.560278976155843,0.0526039893531031,,,148,14.191678,1.5145149,0.9,NGC_6475         ,4796.5063,268.96051171188,-35.32290054807
120590,268.94673319546,-35.3190607756,4040561544062706432,355.6026927446248,-5.106741040598861,3.649274495059703,0.0706819828333469,2.4231545435762527,0.1088371079032218,-4.988578654032006,0.09028351241487,,,128,9.495433,0.32785606,0.7,NGC_6475         ,8134.5586,268.94672040904,-35.31903929699
120591,268.99677122829,-35.30447516428,4040561608376714752,355.63579295307096,-5.134902988084816,3.6797576776697225,0.0636633195965052,3.1553942757813367,0.1028150720221067,-5.678471870274587,0.0868570859857572,,,134,15.086873,1.8075581,0.9,NGC_6475         ,4085.1436,268.99675458101,-35.3044507153
120681,268.22805149429,-35.40993927775,4040642736080671616,355.2292544984173,-4.644903879951849,3.69992563504572,0.0455892271650764,3.449913903444902,0.0889462313414259,-5.712183780146449,0.0694806173614684,-12.708597888517108,1.2989950480564636,165,11.443004,0.7923708,0.9,NGC_6475         ,6319.8784,268.22803326938,-35.40991468363
120692,268.15497995569,-35.31402057744,4040691488183049344,355.2822474504783,-4.545097971546174,3.5673630588803533,0.0366774383859427,2.3918064180838727,0.0648269352438188,-5.7675384387846815,0.0514705453076261,,,158,12.989861,1.1097231,1.0,NGC_6475         ,5633.8438,268.15496733547,-35.31399574498
120693,268.15577659793,-35.3135872205,4040691492570059776,355.2829516869872,-4.545440812813991,3.3737212991935066,0.0557809167454057,3.313935544075198,0.0938395816446459,-5.575677041699383,0.075136099319273,,,158,13.877792,1.3377094,0.8,NGC_6475         ,5129.3887,268.15575911224,-35.31356321411
120694,267.96592680488,-35.38944208733,4040692106660958848,355.1388404536842,-4.450096444068934,3.537495080082485,0.1961243026283042,3.7082657276087514,0.2790082512686262,-5.810462029784758,0.214339320294999,,,114,17.118616,2.2548714,0.8,NGC_6475         ,3954.8052,267.96590722016,-35.38941707006
120695,267.96499120815,-35.36537816404,4040692351564407680,355.15927554685675,-4.437268033271844,3.2707646250328937,0.0930533522613089,2.5957905498072966,0.1446721438434109,-6.287839582320453,0.1106003303325161,,,133,7.270408,0.06949282,0.9,NGC_6475         ,9204.581,267.96497750291,-35.3653510914
120696,268.0622393434,-35.2476727093,4040694722386654592,355.3013781567108,-4.446255400743486,3.5731327259349275,0.0526351844583698,2.453034629301869,0.1006085803095675,-5.181363370299182,0.0809079150544631,,,131,10.599369,0.63486004,0.8,NGC_6475         ,6484.1245,268.06222641071,-35.24765040065
120706,267.911806196,-35.18794108725,4040707023179614976,355.2907231255012,-4.310023655262033,3.3980588839040964,0.0631654718768989,3.072691112102852,0.1003790109000558,-5.498035691148905,0.0790415242388268,-15.651664502066955,3.111022337391096,129,11.641846,0.79601955,1.0,NGC_6475         ,6243.045,267.91179000833,-35.18791741515
120707,268.03260236038,-35.11237632263,4040708431928693376,355.4062029465423,-4.356989587340308,3.6105361236322455,0.0899120275672402,2.998537076056743,0.1531449900301038,-6.095424640564144,0.1224564330330663,-20.64335652396339,0.3407064345186082,175,12.209382,0.94710636,1.0,NGC_6475         ,5965.088,268.03258657803,-35.11235007844
120708,267.92233876735,-35.15035259068,4040708603727816704,355.32760031963085,-4.298415109848,3.603738310549692,0.0872174642066928,2.3786167690986897,0.1426058245733547,-4.751911256222969,0.1143464860601964,,,136,15.7194,2.027131,0.7,NGC_6475         ,3901.5256,267.92232624202,-35.15033213106
120709,267.9984803475,-35.10596348447,4040709217806453632,355.3975976270121,-4.329664205403756,3.6527508395303214,0.0469836301432183,2.6190469372073606,0.0970692418880737,-5.868497089888663,0.07534257244344,,,175,12.4369955,0.9631052,1.0,NGC_6475         ,5673.244,267.99846656363,-35.10593821732
120710,267.95617156834,-35.10218418978,4040709355245406848,355.38330543319046,-4.2978955952026014,3.6844189988760414,0.0527619965263645,2.6300582887932644,0.1019328136978828,-6.070555735601376,0.0780674118005406,,,127,9.366785,0.25631905,0.9,NGC_6475         ,8782.527,267.95615772715,-35.10215805266
120713,267.86186943213,-35.10394044319,4040712104024476416,355.3426029342753,-4.232262271083574,3.541097844638569,0.0567931475820157,2.8695022697793684,0.1137860142230649,-5.231793865999983,0.0874232739494717,,,122,10.834721,0.6660013,0.8,NGC_6475         ,6286.0337,267.8618543305,-35.10391791741
120714,267.85793701191,-35.03441402714,4040713139214688384,355.4010607205459,-4.194243666066724,3.6504131659774575,0.0671477883633054,2.742168395461422,0.1135818237795204,-5.024127203044869,0.0901789650810932,,,147,9.037823,0.18020153,0.9,NGC_6475         ,8759.801,267.8579225927,-35.03439239548
120723,268.66390569407,-35.39484878212,4040721419858222592,355.4212411586531,-4.944637777913156,3.5234683351245764,0.0385909707701264,2.5017603022674075,0.0782724522629532,-6.157763119799964,0.0670487124763027,,,149,15.041104,1.7420378,1.0,NGC_6475         ,4160.1694,268.66389248047,-35.39482226953
120724,268.61510693859,-35.40699193585,4040721552962288768,355.3907177280035,-4.916267904270738,3.497470003633277,0.090678569182673,3.006001465756398,0.1766094262359138,-5.417473283943093,0.1459669239175132,,,153,17.053867,2.0402956,0.7,NGC_6475         ,,268.61509105933,-35.40696861062
120725,268.56254829051,-35.41797479961,4040721930910461824,355.359653826994,-4.884683589501617,3.6185530858925854,0.0546966699476782,2.9653858502898487,0.0996535627943903,-5.043477396489557,0.0776387047611463,,,131,12.819163,1.0812263,0.7,NGC_6475         ,5494.51,268.56253262367,-35.41795308463
120726,268.73430977437,-35.35313850981,4040727776413114752,355.48630087414995,-4.973519494795646,3.633826815389293,0.040115488010324,3.4534790869786107,0.0644127454996672,-5.434536554387636,0.0550864052008246,,,149,14.445165,1.5725975,0.9,NGC_6475         ,4354.695,268.73429154347,-35.35311511111
120727,268.70144647206,-35.30253887788,4040728150024024832,355.5168509573901,-4.925013499608832,3.5952431657900217,0.0493709512074155,2.957792184554678,0.0990562943433497,-5.671508903905995,0.0841643015548593,-12.898607463493436,2.6052497491885367,139,12.359279,0.9481306,0.9,NGC_6475         ,5533.4653,268.70143086766,-35.30251445888
120728,268.6120872455,-35.33377252307,4040728601047703680,355.4531051238609,-4.87749523265208,3.564830071693976,0.0513489951098851,3.40066877404452,0.1095559000525615,-5.444419613611766,0.0942115265646469,,,139,10.051961,0.6606083,1.0,NGC_6475         ,6444.0513,268.61206929769,-35.33374908181
120729,268.70624030983,-35.25716991923,4040729112097391616,355.5582553712349,-4.905728326941829,3.556145994216118,0.035563205215603,2.9217378040747626,0.0757984467927343,-5.1293833784871135,0.0623542582834424,,,139,14.543385,1.5746107,0.8,NGC_6475         ,4403.0205,268.70622490428,-35.25714783438
120731,268.4089062739,-35.39442018264,4040733338352617856,355.3170882759844,-4.764525685024492,3.569368622273512,0.0846665599768276,3.344805612698708,0.1877522791731442,-5.620003722446121,0.152626071110704,,,134,16.533567,2.1501207,0.9,NGC_6475         ,3939.932,268.40888860765,-35.3943959854
120732,268.53656642557,-35.37803949389,4040733961168571136,355.38369516238106,-4.84634883291962,3.4568922722134507,0.0750914940269106,3.55130022154962,0.1480377825624064,-4.952877811009417,0.118050765903175,,,129,16.388788,2.2823029,0.9,NGC_6475         ,3738.658,268.53654767249,-35.378018169
120733,268.52662636275,-35.3412931513,4040734266065571840,355.41153158127264,-4.820919634989782,3.658926063781097,0.1155714358616944,2.711453355055729,0.2150034762128483,-5.072649059786268,0.1799222052765576,,,147,17.05344,2.3531265,1.0,NGC_6475         ,,268.5266120511,-35.34127131073
120734,268.54834824943,-35.34188139591,4040734437951281024,355.4199309732781,-4.836548349906938,3.485044721213416,0.0532259165540302,2.751303597116429,0.0889049550888393,-5.613496097540256,0.0740022926984538,,,140,15.341367,1.8553028,0.8,NGC_6475         ,5344.0327,268.54833372734,-35.34185722669
120735,268.48651936977,-35.33024260475,4040735056426283392,355.40466582110287,-4.787070012513585,3.7133822519165554,0.0932156216096654,2.704119516032057,0.1786806932640148,-5.265905608749369,0.1485907114348247,,,150,16.879705,2.276331,0.7,NGC_6475         ,3994.5762,268.48650509878,-35.3302199321
120736,268.54871949319,-35.27231535408,4040735640446987136,355.4805014429172,-4.801955879341344,3.823514150259288,0.0465120096780693,3.085925425697199,0.0957182419647034,-5.442668823996126,0.0819237618004123,-12.771404158093398,2.3286058324825865,150,12.082088,0.89311504,0.9,NGC_6475         ,5844.469,268.54870321888,-35.27229192037
120737,268.28406979265,-35.36109214384,4040737122266331776,355.29466608912406,-4.659779639055956,3.676585622549166,0.1035815269333402,3.0931035027430736,0.1880248508159356,-4.773764838881954,0.1526412083244161,,,178,17.102676,2.0506878,0.8,NGC_6475         ,,268.28405346257,-35.36107159013
120738,268.28867374341,-35.34896311977,4040737122266389888,355.30707831999706,-4.656922160127724,3.7026698154903,0.0485161519631708,2.936676786741488,0.0912687682598199,-5.715797222805785,0.071552053140668,,,177,10.553762,0.6342354,0.9,NGC_6475         ,6543.113,268.28865824151,-35.34893851009
120739,268.29311131772,-35.30939936745,4040737534583521024,355.34321025756645,-4.640145531171097,3.639341123892236,0.125688155697633,2.7483118762659102,0.1907174899580548,-5.19579411458965,0.156910633595423,,,174,17.07722,2.2992735,0.7,NGC_6475         ,3854.9219,268.29309681725,-35.30937699667
120740,268.39185484531,-35.2589331776,4040738595392738176,355.4276377046184,-4.684450735735853,3.526322474569748,0.1245999957866198,2.9766972002174894,0.2420579784021147,-6.660474787674889,0.2030175323840722,,,137,16.833035,2.4709272,0.7,NGC_6475         ,3635.076,268.39183914963,-35.25890450055
120741,268.4272728626,-35.23867579305,4040738732823438080,355.45978938246014,-4.699288524329935,3.601283280257394,0.0442319507318055,3.245873077814472,0.0826429032304627,-4.693045361684642,0.0681714863852238,,,176,12.10877,0.9187794,0.8,NGC_6475         ,6094.4204,268.42725575187,-35.23865558688
120742,268.39621480909,-35.23889449809,4040739458728752384,355.4468169759863,-4.677462769445199,3.369737349517718,0.107132180423441,2.638950358438675,0.1513007447145573,-6.597025629537792,0.1292734452097897,,,146,16.297531,2.2393618,0.8,NGC_6475         ,4528.967,268.39620089774,-35.23886609423
120743,268.33968770084,-35.2276530656,4040739660582835968,355.43328523388874,-4.631896196455347,3.711987091861012,0.2286358312192894,2.884726337398978,0.3778611807091024,-5.859531922683733,0.3315616561752371,,,119,17.886606,,0.7,NGC_6475         ,3177.961,268.33967249598,-35.22762783706
120744,268.38028246199,-35.19031457514,4040739832385124096,355.48239705666856,-4.641799686193231,3.677545809489696,0.179205270681302,2.4569586516603863,0.2453207804817394,-4.692099064132478,0.2103444617433823,,,139,17.09803,,0.7,NGC_6475         ,3286.9133,268.38026951777,-35.19029437305
120745,268.63839873213,-35.19796554697,4040741481603603072,355.5818950999684,-4.82813032041252,3.4935171011511144,0.0273004614603234,3.522204951982844,0.0573972641125888,-5.371462054581642,0.0491266790179975,,,145,13.318573,1.1957407,1.0,NGC_6475         ,5189.6797,268.63838017402,-35.19794241984
120746,268.57149736468,-35.23689803562,4040741653401199232,355.520612771052,-4.800309721949773,3.618906904159156,0.0664914897509414,2.724957139074544,0.1708511594466329,-6.024275521984857,0.1430767712280278,,,104,12.546229,0.99367905,0.9,NGC_6475         ,5414.7153,268.5714830003,-35.23687209777
120747,268.59157942851,-35.19312808957,4040742173150467712,355.5668764789139,-4.792587739059076,3.3736647925877983,0.0549847583678221,2.587001806501,0.0977491317912761,-5.404832676753471,0.083701921805509,,,130,15.333227,1.8663359,0.7,NGC_6475         ,4027.2427,268.59156579869,-35.19310481876
120748,268.71435340144,-35.15959717332,4040743233949159296,355.64639964661984,-4.862701681191872,3.4405054648259825,0.0564605698030219,3.2814826156730224,0.1112412034330724,-4.846473395653863,0.0924607389819527,-8.007976751433464,4.570410380525748,155,11.045313,0.73646355,1.0,NGC_6475         ,6254.592,268.71433611982,-35.15957630656
120749,268.72576053801,-35.13593672742,4040743581899434112,355.6716454899586,-4.858954893903153,3.5581910263938608,0.065816821399962,1.8606758599462767,0.1256736796365708,-5.5903439554231085,0.1042449143929598,,,160,16.190939,2.1730423,0.8,NGC_6475         ,4297.4297,268.72575074179,-35.13591265789
120750,268.72338554794,-35.08931890985,4040744436539998720,355.7111933822183,-4.833972430044525,3.612063054214493,0.0582372101616693,3.756102264011623,0.119920459767034,-5.28340011702384,0.0990741708441729,,,155,7.9915614,0.12263298,1.0,NGC_6475         ,9150.968,268.72336578385,-35.08929616187
120751,268.69527819102,-35.07159456763,4040744715771269632,355.7150572267316,-4.805190506659932,3.5496600286065627,0.0295915873189802,3.1150929774307525,0.0647762557317783,-4.490771430261006,0.0525821489088207,,,151,13.858693,1.3512249,0.8,NGC_6475         ,5057.2954,268.6952618034,-35.07157523237
120752,268.47146992652,-35.08745928938,4040746807361945856,355.6092073830827,-4.6546272419923,3.52310481205137,0.0618318783747773,3.226168571822896,0.097359497006076,-6.488854581375029,0.0823147836024486,-14.9709047555657,2.0691917691171486,145,11.651942,0.9790487,0.7,NGC_6475         ,6435.138,268.47145295126,-35.08743135126
120753,268.66264215615,-35.04938819513,4040747700717351168,355.72094278028965,-4.770950654031855,3.601298026380265,0.0276760720782462,3.748693817264519,0.0572137062742456,-5.1196274087036375,0.0472172598440091,-13.877276806948055,7.177568243688561,152,13.455388,1.230525,0.7,NGC_6475         ,5329.6533,268.66262244069,-35.04936615229
120754,268.57990406048,-34.97292258353,4040749143824147328,355.75330608841085,-4.674002664732247,3.578463947583741,0.0524548982790189,2.734518836540194,0.0882314324298393,-5.366135436176702,0.0723963668446738,-17.259228732598984,4.72559233303286,165,12.185855,0.9063139,1.0,NGC_6475         ,5868.388,268.57988969229,-34.97289947934
120755,268.99515225363,-35.24329449754,4040749869683822976,355.68842103470587,-5.103325198223128,3.8629708294714025,0.2037697411320653,2.92133257741302,0.3469138971594593,-5.397241587714159,0.2762064999175876,,,131,17.304087,2.2087498,1.0,NGC_6475         ,4098.8286,268.99513685285,-35.24327125942
120756,268.94075071476,-35.17368184111,4040751278433731712,355.72682683292373,-5.030125741654284,3.809323341940032,0.0911335190129525,3.066288873601523,0.1379890429618827,-5.127259228880795,0.1077084363862718,,,159,14.878014,1.7036266,0.8,NGC_6475         ,4504.145,268.94073456365,-35.17365976541
120759,269.01715690045,-35.17583991445,4040751725109973632,355.7561497512984,-5.085371089390079,3.5398557679720053,0.1144813763162914,3.5625133626329406,0.1790427495277314,-5.836137557260432,0.1493505140027295,,,141,16.928925,2.2326403,0.9,NGC_6475         ,,269.01713813507,-35.17581478664
120762,269.02616641362,-35.10517357758,4040753168270486144,355.8213760312766,-5.056617263432705,3.554245246689549,0.0281402498719885,2.800924872359861,0.0515091738927796,-5.683724046851017,0.0395490319857693,,,168,13.225967,1.158843,1.0,NGC_6475         ,4950.332,269.02615167268,-35.10514910599
120763,269.03284224378,-35.04892826565,4040753580588599680,355.87308908850014,-5.0333831628633625,3.4864829239348545,0.0676622334326287,3.955592361489724,0.1338756433091786,-5.664083585498218,0.0953620479858417,,,129,6.7018237,0.09486818,0.8,NGC_6475         ,8999.076,269.0328214403,-35.04890387863
120764,268.8281713681,-35.18083621867,4040753958543736320,355.67456160682354,-4.953916932712242,3.5871112151762947,0.0694995519747113,3.239074056791904,0.1222734367430365,-4.957106584957836,0.0989488334631871,,,91,9.895394,0.4272833,1.0,NGC_6475         ,7787.794,268.82815430538,-35.18081487557
120765,268.82785432275,-35.18390739634,4040753958544909824,355.6717601631263,-4.95522450002222,3.4942460388804326,0.1336001570311298,2.6139045625509905,0.210319745809433,-6.148683888206444,0.1696022956071244,,,115,17.09364,2.3252783,0.8,NGC_6475         ,3832.0818,268.82784055276,-35.18388092284
120766,268.84463653134,-35.17190623327,4040753992903469440,355.6890688112251,-4.961126938820294,3.6510192225835367,0.0814859168675373,3.6084793155207593,0.1589067314743602,-5.87109701294215,0.1245563429283882,,,141,16.319508,2.2286768,0.9,NGC_6475         ,3929.1423,268.84461752475,-35.17188095494
120767,268.90658474417,-35.13629317977,4040754366579684608,355.74540288307406,-4.987279719272432,3.593415842172301,0.0517795760928624,3.5016656635328567,0.0887982237383175,-5.477493545587207,0.0636840880128264,,,149,14.602063,1.9288578,0.9,NGC_6475         ,5344.6333,268.90656630826,-35.13626959612
120768,268.90744619328,-35.13667661218,4040754370861678080,355.7454215444531,-4.988081570347561,3.5878023408318223,0.045170778986039,3.4623026314176792,0.0796936845050947,-4.8714199174593,0.0563364340946939,,,148,14.623881,1.651556,0.8,NGC_6475         ,4478.043,268.90742796453,-35.136655638
120769,268.78529367862,-35.15038685151,4040754989335950592,355.6834873266652,-4.90834572796344,3.669241904959628,0.0577871543020057,3.0509110922391,0.1206233166771002,-5.644376052319936,0.1000436980783927,,,154,8.56449,0.17481804,0.9,NGC_6475         ,8674.393,268.78527761311,-35.15036254933
120770,268.88187227986,-35.09389673298,4040755397298383104,355.77218329569587,-4.9486237652808,3.6008849053261645,0.0580716265352066,3.107143996679768,0.1081554257902786,-6.145924682254333,0.0850058836186425,,,123,15.572828,2.0055637,1.0,NGC_6475         ,3932.2632,268.88185592958,-35.09387027136
120771,268.9212683438,-35.07280841853,4040756191928059520,355.8066621854151,-4.966062760854284,3.383558135217009,0.1167752163624497,3.5860272859970865,0.274517504709527,-5.560251394375472,0.1985809956798632,,,116,17.266428,2.590047,0.7,NGC_6475         ,3564.0237,268.92124947844,-35.07278447856
120772,268.97623044149,-35.01481460702,4040756840408071040,355.87963727683734,-4.976198977333395,3.6273674602941313,0.0467323378643851,3.7657421552286654,0.0800438696847858,-5.334812269394312,0.0629818463907526,,,100,13.471028,1.2581692,0.9,NGC_6475         ,4889.411,268.97621064475,-35.01479163768
120773,268.89968719106,-35.08230765212,4040756909294606208,355.78956123594344,-4.955484131616162,3.6641889861477326,0.1877894926200595,2.8111787800450223,0.3826655727145892,-5.312229658434463,0.2888303871068648,,,107,17.466673,2.4508686,0.8,NGC_6475         ,3653.689,268.8996724003,-35.08228478002
120774,268.88136365255,-35.02609455122,4040757291440067456,355.8309672258534,-4.914458058270829,3.512465231775113,0.0504327821755157,2.910246646804309,0.0957957648491179,-5.095922441923612,0.0751996092605749,,,142,12.539454,1.0268488,0.8,NGC_6475         ,5808.6553,268.88134835109,-35.02607261044
120775,268.94355859963,-34.99398294574,4040757871372537856,355.88439226516454,-4.9426175935572365,3.8429668087113753,0.0417042842787801,3.2630307440760182,0.0714670092580372,-5.724487516454296,0.0551906488823773,,,122,13.901709,1.4201136,0.9,NGC_6475         ,4849.6987,268.94354145004,-34.99395829864
120781,268.99785300985,-35.00264425365,4040762754641729280,355.89908190377145,-4.985501030206559,3.652644373091768,0.0486835860590252,3.104069663047935,0.0881444858280146,-5.495670307528786,0.0670130285241069,,,93,13.2439,1.1834183,0.9,NGC_6475         ,5236.2363,268.99783669398,-35.00262059173
120782,268.99011600874,-34.95833843125,4040763609277028352,355.9344869351417,-4.9579494235721535,3.6453251456664018,0.0443527370621317,3.2369885785826,0.0767206111596302,-5.257284025089691,0.0585324174417591,,,122,14.21052,1.4854612,1.0,NGC_6475         ,4701.534,268.99009900342,-34.95831579572
120785,268.76597071667,-35.09009423945,4040767114044818688,355.72799293679014,-4.8645436214817614,3.628379456469143,0.1056806011325482,3.2143050335853167,0.1861638044028634,-5.24513729853618,0.1524804507316703,,,137,16.835974,2.2305212,0.8,NGC_6475         ,4038.011,268.76595380328,-35.09007165621
120786,268.78421911181,-35.04688883432,4040767698114625024,355.77304534914015,-4.855904641482988,3.601756020052236,0.0409434201126836,2.3582671268124127,0.0796622572460271,-4.836266100967812,0.0638075825222187,,,144,14.792093,1.6915169,0.7,NGC_6475         ,4593.487,268.78420670939,-35.04686801151
120787,268.76906230645,-35.02744802337,4040768453999500544,355.78372743579973,-4.8354433952075455,3.669483538560252,0.0670811149883274,3.9355924297802978,0.1233222891810438,-5.867494911086704,0.0982027779099114,,,141,15.845934,2.1223764,0.8,NGC_6475         ,3823.7244,268.76904161359,-35.02742276054
120788,268.84772755212,-34.99083500318,4040769317353456128,355.8478478508594,-4.872992782691083,3.6866803231574456,0.0393331867612983,3.5553287074218365,0.0750244779177763,-5.725735610653354,0.0597441414598722,,,145,14.143014,1.7368793,1.0,NGC_6475         ,4774.233,268.847708867,-34.99081035071
120789,268.86004893957,-34.95689946477,4040769523511988992,355.8824201870854,-4.864812296506222,3.438081017619114,0.1565938763039041,3.0073293779130315,0.3088672641705143,-5.501110377076343,0.2329538566091003,,,133,17.754223,,1.0,NGC_6475         ,3212.786,268.86003314103,-34.95687577943
120790,268.88389565027,-34.9766529246,4040769622237401344,355.87501914187123,-4.89160240570456,3.5960607671969504,0.1951680932626204,3.4784977307441345,0.3634429842337736,-5.461348889133302,0.2778189165097797,,,130,17.676758,2.572342,0.9,NGC_6475         ,3564.755,268.88387737211,-34.97662941046
120791,268.92044285654,-34.96440309901,4040769690956892032,355.9006617974588,-4.91145751623588,3.5332630008128203,0.1177039423662278,3.892667189844252,0.192816899281795,-5.988856967171915,0.1489302963684589,,,130,16.924028,2.4372578,0.9,NGC_6475         ,3639.028,268.92042240515,-34.96437731365
120792,268.75173237074,-34.95326786791,4040771924506991104,355.8410928428827,-4.786081257548086,3.863385788214528,0.1379960272049171,3.5878195437416305,0.2480079948573797,-5.9259755173586415,0.1933157697982502,,,131,17.222486,2.4007921,0.8,NGC_6475         ,3841.4702,268.75171352352,-34.95324235329
120793,268.65570555971,-34.97304215035,4040772341011236096,355.7844153391435,-4.7278246795962415,3.6219228672324992,0.0709394431881304,3.7752787107986414,0.112117285061269,-5.803763675508179,0.0904356331368378,,,141,14.633481,1.710969,0.9,NGC_6475         ,4422.748,268.65568572296,-34.97301716192
120794,268.6389216024,-34.96995578967,4040772405367022208,355.780188025601,-4.714373564028951,3.607629020230392,0.0524714963316737,3.8624872378004,0.0902720024588862,-5.505140950141763,0.0730280985454602,-10.438593931684265,6.678134116160617,147,12.8550415,1.0879574,1.0,NGC_6475         ,5655.309,268.63890130818,-34.96993208698
120795,268.66073583122,-34.93590011864,4040772542805972992,355.81875018674134,-4.712803695114203,3.3182536958910127,0.1339197444685178,2.9790936209842247,0.1936758294250016,-5.62325449597764,0.1567299142232961,-15.707830360904152,11.87726773994862,147,10.819891,0.70488644,0.8,NGC_6475         ,6249.243,268.66072018502,-34.93587590741
120796,268.68428207332,-34.9253140371,4040772959486635392,355.83763980237404,-4.724219380201975,3.569087456413897,0.127679308999734,3.027741247947072,0.2206212809065811,-4.549493360380795,0.1709033403342753,,,138,17.1442,2.0733652,0.9,NGC_6475         ,,268.68426617367,-34.92529444901
120797,268.80355818943,-34.90799433358,4040773573779707008,355.9017505804709,-4.800271115951623,3.672409440428973,0.1436925028275173,3.0269609496308103,0.2673089519445105,-5.891007908032706,0.2142754821224573,,,124,17.530449,,0.7,NGC_6475         ,3219.9954,268.80354229724,-34.90796896951
120798,268.79452121044,-34.86998597593,4040774226436938624,355.9310791090107,-4.774866148210787,3.4737845805444407,0.0947810011359989,3.2031963231349527,0.1469368686626933,-4.990611596254409,0.1292029991039802,,,84,12.50655,0.9977226,1.0,NGC_6475         ,5860.1294,268.79450440075,-34.86996448858
120799,268.81488280116,-34.8577721595,4040774363872100096,355.95007051977706,-4.783240447433558,3.670563823797545,0.0876318515034269,3.257789507923812,0.1516235140774793,-5.36443812419748,0.1047080749764435,,,90,11.930083,0.95622826,1.0,NGC_6475         ,6049.4316,268.81486570751,-34.85774906261
120800,268.71460740627,-34.8431868685,4040774986711474688,355.92147992614525,-4.704674274815342,3.561934412010756,0.0770115307720314,3.152520847038648,0.1229164417420287,-5.631547963387498,0.0974333393558516,,,153,9.40747,0.29900646,1.0,NGC_6475         ,7584.3926,268.7145908679,-34.84316262156
120801,268.72409315943,-34.83747180538,4040775016716587648,355.930352582334,-4.708557636888756,3.514198370019526,0.2008568836451853,2.968632459070532,0.3670755728867568,-4.823561339273384,0.3056854312769531,,,117,17.14753,2.391942,0.8,NGC_6475         ,3611.8342,268.72407758683,-34.83745103727
120802,269.00809110596,-34.88383392932,4040776189305612288,356.006710372324,-4.933645291836836,3.5207257752483487,0.0401636973917533,2.646743218950803,0.0694223640971077,-5.801291910068729,0.0531734674283053,,,123,13.562212,1.271884,1.0,NGC_6475         ,5004.218,269.00807721407,-34.88380895153
120803,269.02922633037,-34.80291082078,4040778216528757120,356.08582342590904,-4.908414038513258,3.4172626417178,0.1058239530718215,3.3150022490294417,0.1860650303945116,-6.14705221893442,0.1493069426060623,,,148,16.676983,2.1959314,0.7,NGC_6475         ,4013.1765,269.02920894811,-34.8028843543
120806,268.9178057764,-34.74670607977,4040780995301596032,356.08897789196214,-4.801058754859489,3.50395329705146,0.0742385064413636,4.038936267324536,0.125098833183167,-5.636193253417513,0.0932022447727238,-15.477841287248706,5.764958309636064,123,12.744406,1.0276461,0.7,NGC_6475         ,5721.8574,268.91778461261,-34.74668181283
120807,268.83107009362,-34.73160002976,4040781923208714240,356.06642475606617,-4.731753253257982,3.490956805798001,0.0572579462546267,2.466228462699834,0.0687613716356555,-5.470798835431526,0.0570715671219352,,,140,14.202174,1.4778652,0.8,NGC_6475         ,4825.68,268.83105717309,-34.73157647493
120808,268.95316415364,-34.71576228746,4040782610407781888,356.1304343685738,-4.8108235153311005,3.490082784380216,0.0741662261058788,3.1906862991064497,0.1105168287846477,-4.258559913596806,0.0902145914655545,,,143,15.394338,1.8806353,0.7,NGC_6475         ,4050.387,268.95314744088,-34.71574395199
120809,268.87948266276,-34.69749445303,4040783572479616768,356.1160116699951,-4.749210981157582,3.621395838845865,0.2043123511981917,3.013022345438859,0.3421844290916371,-5.928468330976049,0.2680325282620864,,,100,17.595354,1.7905655,0.9,NGC_6475         ,,268.8794668841,-34.69746892768
120810,268.95781584797,-34.65275945081,4040783881519613056,356.1871596293472,-4.782739104703377,3.5265029768226057,0.0613327400894989,2.9839534902420826,0.0992406828041138,-5.600976320197892,0.079804867345982,-15.457116273037636,0.8367714531827859,148,11.595357,0.81387997,0.9,NGC_6475         ,6130.218,268.95780022996,-34.65273533549
120811,268.92306996237,-34.63448411124,4040784229484265088,356.188755382549,-4.7488481899159,3.471996145041569,0.1861232767871787,3.820530204072011,0.203470615212344,-5.350754000837459,0.1669900016804885,,,142,16.393057,2.1904345,0.7,NGC_6475         ,4333.652,268.92304997013,-34.63446107327
120812,268.28889270161,-35.25324361788,4040784951040631168,355.3901593285776,-4.608913480150081,3.5363626912587915,0.063518361425732,3.228351920792869,0.1022429957523938,-4.977695212638334,0.0844239028947993,,,139,15.850433,2.0298405,1.0,NGC_6475         ,3921.374,268.28887568019,-35.25322218613
120813,268.30636998925,-35.23738355184,4040785084111280128,355.4111151513049,-4.6132685061075485,3.677468423887024,0.0335624135074382,4.074595575652228,0.0562042522534119,-5.520371988148847,0.0461814929553964,,,148,13.350932,1.2232065,1.0,NGC_6475         ,5087.783,268.30634851022,-35.23735978357
120814,268.26293729474,-35.16476144963,4040786291071324288,355.4561496287188,-4.546049766468108,3.535496669398883,0.0844027472134093,3.2604669310267185,0.1178496180353007,-5.543260717674736,0.0971298815185518,,,140,8.973621,0.15685749,0.9,NGC_6475         ,8892.422,268.26292012271,-35.16473758281
120815,268.32053149493,-35.20116028207,4040786664659498368,355.4483617154074,-4.605045072565103,3.5014963620988846,0.0956662995912506,3.5967064236197,0.1361087930077276,-5.176881040608395,0.122990507562271,,,113,14.429658,1.820179,1.0,NGC_6475         ,5409.757,268.32051254353,-35.20113799272
120816,268.34237576453,-35.14974556898,4040787046985142912,355.5019531787479,-4.594618583135167,3.634462226674232,0.0574747357744297,3.8367705445982976,0.1029352455734938,-5.6731584000927615,0.086097956627857,-20.160499818599178,3.712803140694992,143,11.336611,0.887866,0.9,NGC_6475         ,5986.709,268.342355561,-35.14972114288
120817,268.39626093738,-35.14042371418,4040787283135221248,355.5322584667477,-4.628023072939167,3.4794618838570077,0.0412050377052759,2.57355485171782,0.0661276895744131,-5.387269828168953,0.0548709053873259,,,141,14.307847,1.4983654,0.7,NGC_6475         ,4647.549,268.39624738719,-35.14040051899
120818,268.40919854993,-35.14050053074,4040787321862673024,355.53752451847265,-4.637209173629412,3.51945071310728,0.1879989386033527,2.242120623264586,0.4644454309814592,-5.745528424704702,0.3958229028829477,,,105,17.68944,2.4369602,0.7,NGC_6475         ,,268.40918674479,-35.14047579305
120819,268.36657052536,-35.11243477857,4040787631100829696,355.54428981155485,-4.5929625201544,3.534947932280093,0.0646739796629753,3.112869427293417,0.1006813773204259,-5.172033656540708,0.0814238311092092,,,148,9.821623,0.41232014,1.0,NGC_6475         ,7167.2397,268.36655414122,-35.11241251009
120820,268.37399883709,-35.10405629743,4040787665460588288,355.55462070480246,-4.594003813125705,3.8063914336004494,0.1388496172523489,4.017703897842996,0.2064853334260451,-5.245374799439894,0.1745074549279282,,,123,16.823246,2.2222013,0.8,NGC_6475         ,3839.185,268.37397769267,-35.10403371318
120821,268.26353258474,-35.11695249591,4040788077778134528,355.4978306216004,-4.522396323184717,3.602022483716887,0.0549956731330941,3.14345197893818,0.0906119802127689,-6.048396955241375,0.0740657750970637,,,151,11.381018,0.77716064,0.9,NGC_6475         ,6176.537,268.26351603872,-35.1169264542
120822,268.29022581615,-35.10478810714,4040788210848414592,355.5194019363172,-4.535138739182148,3.5145654487503246,0.0346705019554081,2.7482653008006017,0.0629167994950706,-4.925766673197868,0.0514620476126145,,,130,13.09735,1.1124487,0.7,NGC_6475         ,5533.3003,268.29021135241,-35.10476689898
120823,268.31364119843,-35.11682959355,4040788318295931904,355.51863388289314,-4.55775102708615,3.621343182171037,0.0592699540905148,3.2454744457553444,0.1024533974286267,-5.823463775972376,0.0832728326602727,-13.080288068617644,1.3933690779786478,130,10.554156,0.61022186,0.9,NGC_6475         ,6375.217,268.31362411543,-35.1168045203
120824,268.33498731551,-35.1034268946,4040788352655635840,355.53906660206434,-4.566099925067316,3.453495805294996,0.0856458056251547,3.930589623825625,0.1108435515464865,-5.895031484374265,0.0940769635587458,,,130,15.935242,2.0685577,0.9,NGC_6475         ,3931.7126,268.33496662971,-35.10340151322
120825,268.09173598353,-35.14608391745,4040790169350160896,355.40153272202207,-4.415755896806584,3.5523099565002862,0.0702398341464715,3.3255535858920977,0.1090161566144897,-5.517056943667219,0.086957770429298,,,158,15.648595,2.2699728,1.0,NGC_6475         ,3835.0266,268.09171847273,-35.14606016346
120826,268.25762675007,-35.09234907547,4040791204514582144,355.5167117102246,-4.505831744898366,3.661387667688472,0.0582273747200309,2.6273231983615792,0.0929164748256371,-5.8701104660729335,0.0796011339304873,,,141,9.799007,0.41967297,1.0,NGC_6475         ,7210.167,268.25761292494,-35.09232380139
120827,268.24817431224,-35.08397184872,4040791410673152384,355.5200632059243,-4.494930410195578,3.374476209275568,0.0680935169407999,2.1392276411920688,0.0917179480295239,-5.622408175534034,0.0775717261701265,,,141,15.566864,1.9069281,0.7,NGC_6475         ,4185.4385,268.24816305666,-35.08394764113
120828,268.2795875408,-35.00856656921,4040792063456381440,355.5983994222901,-4.479171292821061,3.5525979507341354,0.0726348727072625,2.3396461011364105,0.1190215221687721,-5.299096726892996,0.0987874026614155,,,140,16.208323,2.127756,0.9,NGC_6475         ,3968.7542,268.27957524207,-35.00854375365
120829,268.23239319633,-35.01891716787,4040792716343899520,355.56990065992767,-4.450994693387345,3.462319494605272,0.1146971066727434,2.716137639552457,0.1673669629857417,-5.824136356618947,0.1322940430998565,,,157,6.516502,0.03902483,0.9,NGC_6475         ,9537.892,268.23237891671,-35.01889209173
120830,268.24893485354,-34.96170254068,4040793163020824192,355.6263190054016,-4.433870719458053,3.634024850774263,0.0575170250882429,4.064058836869984,0.0888165056613607,-6.283299208736961,0.0721658890057055,-12.047478599076424,1.720484911980981,154,12.17761,0.9091673,0.7,NGC_6475         ,5854.121,268.24891350238,-34.96167548759
120831,268.4127397488,-35.05589573317,4040793712778382976,355.61237616305493,-4.59721038050583,3.557866665262474,0.0633213749534725,2.268440165159515,0.0991635344443253,-5.8585124856498565,0.0841463199648594,-18.47454267252224,3.050337763343619,134,12.13419,0.9641895,0.9,NGC_6475         ,6093.803,268.41272781747,-35.05587050902
120832,268.42888553397,-35.05061497027,4040794090735445248,355.62361815626343,-4.605986080036628,3.666294174431576,0.058848893238453,2.105120471833428,0.0873302646912629,-5.844771076397276,0.0744217327350032,,,137,14.857202,1.7691813,0.9,NGC_6475         ,4415.4688,268.42887446237,-35.05058980528
120833,268.39061534379,-35.04187706449,4040794503052585472,355.6154043334499,-4.574506382282437,3.6450499913794734,0.0615991404090368,3.0197111604481908,0.0978836771975589,-5.227016464446355,0.0826994019781158,-14.609963454613714,1.1838708853580944,136,11.471601,0.7758293,0.9,NGC_6475         ,6035.885,268.39059946372,-35.04185455928
120834,268.34222839579,-35.03941439337,4040794636117751680,355.5975571916518,-4.539023608654235,3.557481559245846,0.0608949005098642,2.723376218421875,0.0960700312799643,-4.7376715417873765,0.0812599196044151,-27.615933109201585,9.784866108066296,135,11.874324,0.9752264,0.8,NGC_6475         ,5981.688,268.34221407452,-35.03939399507
120835,268.4644195008,-35.00005785346,4040795735871619840,355.6821398634067,-4.605761655656185,3.528769118632927,0.0396163157164805,2.921939249103328,0.0654748574528411,-4.975556805693189,0.0564888341362664,,,133,14.142421,1.4060545,0.8,NGC_6475         ,4718.459,268.46440414276,-35.00003643092
120836,268.55564165925,-34.9385565146,4040796358426877056,355.77314096148245,-4.639569767829284,3.646231102674828,0.054878099729629,3.151865957843592,0.0828090557208459,-6.063364896034289,0.0664709928348744,,,149,15.326303,1.8112211,1.0,NGC_6475         ,4600.1323,268.55562510511,-34.93853040845
120837,268.55650986537,-34.9396780234,4040796358478204416,355.7725254080257,-4.64074786088562,3.6027692829477425,0.0535425351449988,3.129443722795477,0.0880767475901274,-6.049453570374176,0.0721568342576112,-16.084900193721936,1.2412185674212737,159,12.003478,0.8809986,0.8,NGC_6475         ,5848.9053,268.55649342877,-34.93965197714
120838,268.54045374534,-34.92597300738,4040796427197870464,355.777799671037,-4.62248695695154,3.614418170131646,0.0794186176109861,2.5505466512502326,0.1326711801183184,-5.887588371647169,0.1104674958329064,,,166,16.439777,2.1857634,1.0,NGC_6475         ,3767.1216,268.54044035149,-34.92594765804
120839,268.49546563776,-34.89408188801,4040797522339315328,355.78690673582844,-4.574573493313142,3.543791975613705,0.0394639028687539,3.1553893463947102,0.0633116835105074,-5.765207506155004,0.0519391193210268,,,158,14.416689,1.5541811,0.9,NGC_6475         ,4769.35,268.4954490741,-34.89405706558
120840,268.38334285192,-34.9570252437,4040798351343808640,355.68598420905806,-4.526703034629826,3.581005928501078,0.0456389056802998,3.100095363667448,0.0809796621146591,-4.536920272943829,0.0689117407044251,,,149,12.774564,1.0496368,0.7,NGC_6475         ,5246.8047,268.38332656602,-34.95700570973
120841,268.28448112091,-34.98557589528,4040798694941518976,355.6203481884364,-4.471057996052034,3.6159945364775656,0.0726542457984746,3.07585498653192,0.1361327587269466,-5.177998091145833,0.1142183129487497,-12.26859936418732,2.4321295812202752,102,10.51362,0.6137037,0.9,NGC_6475         ,6126.5073,268.28446495673,-34.98555360112
120842,268.25533761696,-34.94592909175,4040799038539258496,355.6426369586033,-4.430456682599585,3.6866895136170936,0.2327658580352365,3.993206080289032,0.3280608075124804,-5.093342811495995,0.2718595702780535,,,125,16.591208,,0.7,NGC_6475         ,3368.451,268.25531664208,-34.94590716208
120843,268.26315856706,-34.94937380508,4040799072898937856,355.6428915884246,-4.43772978006416,3.3276627518639232,0.152861109363461,3.643632661391607,0.1807500202421288,-5.900921494206242,0.1598625666227717,,,136,16.93896,2.1806602,0.8,NGC_6475         ,3766.1296,268.26313942755,-34.94934839833
120844,268.33142185832,-34.92629840348,4040799347776656640,355.69114957180744,-4.4744622251275485,3.5582957781637043,0.0542984504103321,2.7179813377224407,0.1141808101798445,-5.101144223609507,0.0957388405129163,,,130,10.806498,0.6564636,0.9,NGC_6475         ,6481.035,268.33140758516,-34.92627644022
120845,268.33970471875,-34.90499071357,4040799446481112832,355.7130474694991,-4.469609896904202,3.648003078808329,0.0503936875050129,3.32917767819682,0.0928017647741261,-5.724246340079373,0.079567855758767,,,139,12.006282,0.9124193,1.0,NGC_6475         ,6128.8784,268.33968724049,-34.90496606751
120846,268.33865296038,-34.90973656855,4040799450855927296,355.70849831663486,-4.471252463236662,3.59568041732973,0.0474649290703642,3.2666135209400395,0.086228282638147,-6.177839031897118,0.0736700206185569,-12.469358832137114,1.289665823827856,157,12.140777,0.9051132,0.8,NGC_6475         ,5876.777,268.33863580959,-34.90970996952
120847,268.3401702193,-34.88827795428,4040799687002959104,355.7277270943492,-4.461530475221008,3.544910193997421,0.0723549135196368,3.023192367721788,0.1000150758755625,-5.440545958019435,0.0858886907613585,,,122,15.270258,1.757968,1.0,NGC_6475         ,,268.3401543507,-34.8882545297
120848,268.46408839058,-34.89470178537,4040800344208601600,355.7734075346364,-4.552627098913348,3.642751814787757,0.0569152424630421,2.865596873695643,0.0979948306737992,-4.861937485806777,0.0779299371378183,,,145,9.854894,0.40923595,0.8,NGC_6475         ,7311.8027,268.46407334802,-34.89468085202
120849,268.44583774982,-34.84637819889,4040800722166107136,355.8077805998221,-4.51540808040928,3.4442564821559216,0.059542962769058,3.450820203143305,0.108081966788003,-5.705581447664891,0.0906937928207578,,,161,7.7374496,0.09008646,0.9,NGC_6475         ,9036.424,268.44581964585,-34.84635363319
120850,268.3679297972,-34.89935850015,4040800893964862080,355.72961047135345,-4.486782612992297,3.4147495575257336,0.0720802758967996,2.804231154402365,0.1274951510465399,-4.597876288864033,0.1065464701177394,,,128,9.6249695,0.6173887,0.8,NGC_6475         ,9427.65,268.36791507593,-34.89933870374
120851,268.38124525275,-34.86436579567,4040801100123421184,355.7654590870348,-4.478625970931161,3.647116276982144,0.0308078531111205,3.678486119238924,0.0525006351342888,-5.155871595260709,0.0428759757193522,,,157,13.150594,1.1249094,0.9,NGC_6475         ,5164.0557,268.38122595016,-34.86434359677
120852,268.41711505797,-34.83093162912,4040801546800037632,355.8092943020921,-4.48726418616231,3.4393110114287047,0.0459998589424511,3.4591504503310104,0.0750970755898476,-5.586370418961815,0.061218671638014,,,148,14.990408,1.7603369,1.0,NGC_6475         ,4147.587,268.4170969137,-34.83090757669
120853,268.43430840781,-34.83163751622,4040801581106714880,355.81579632012034,-4.499820331081224,3.399117284601589,0.0789965834961591,4.237698468435246,0.1510894119361079,-5.5308107488482126,0.1232801023443002,,,86,9.40201,0.5576992,0.7,NGC_6475         ,7195.3423,268.43428617963,-34.83161370301
120854,268.46014146284,-34.8187284505,4040801611148790144,355.8376792329463,-4.511671281157221,3.6670444364940575,0.0348718925133105,3.4884040435029697,0.0609787852839865,-5.596243006037558,0.0479590127378774,,,132,13.249315,1.1535215,0.9,NGC_6475         ,5346.999,268.46012316784,-34.81870435556
120855,268.44551228608,-34.80157766583,4040801684239589376,355.8465024821989,-4.492669973907182,3.6313144565122646,0.0933662753307011,3.064699910580113,0.1703432474202743,-6.204451642239789,0.1345374559480423,,,132,16.039604,2.0553913,0.9,NGC_6475         ,4469.8906,268.44549621655,-34.80155095222
120856,268.43392050516,-34.79441928874,4040801890398044928,355.84791312428086,-4.480843206532065,3.446237629461216,0.0631058704456282,2.730035621538881,0.1172831110729338,-5.2296696052423375,0.0989319011667685,,,140,7.126456,0.047385216,0.7,NGC_6475         ,9305.491,268.43390619166,-34.7943967721
120857,268.08674992514,-35.01221333382,4040803780185529216,355.51534816905894,-4.344625106869285,3.429795224963025,0.0566402471369776,2.6981607756145767,0.1066628264363159,-5.899490815591697,0.0852679456613263,,,155,14.730621,1.6034307,0.9,NGC_6475         ,5208.0176,268.08673574119,-35.01218793323
120858,268.08343860775,-34.97445273511,4040804085044179968,355.5466559231724,-4.32320914254539,3.5945037848344934,0.0539617506844272,3.4566827245114964,0.1008492721843202,-4.965808749093645,0.0825144253810033,,,164,8.046345,0.07990742,0.9,NGC_6475         ,9049.186,268.08342044471,-34.97443135454
120859,268.06547255734,-34.96994909687,4040804158143154560,355.5430939285606,-4.308229093280239,3.5085386786620125,0.047269704686879,3.3291206790859444,0.0938374995811608,-4.864346529492882,0.0760487314525657,,,168,9.144134,0.4123268,0.8,NGC_6475         ,7327.9404,268.06545506554,-34.96992815315
120860,268.20758268901,-34.9625646054,4040804948416196608,355.6084405550602,-4.4050351149419535,3.5495715782823662,0.0642918455584539,2.788239609023611,0.0925421011233233,-4.385154243796173,0.074793650519254,-14.452323864428996,3.187446207679752,147,12.415219,0.95462036,0.7,NGC_6475         ,5603.8296,268.20756804041,-34.96254572487
120861,268.17774656299,-34.97093398969,4040805012761535360,355.5888253702295,-4.388142306464279,3.440086801990089,0.0667463668938692,2.7884835439170947,0.1058998045113021,-5.678403227524532,0.0861515090973643,,,147,16.051363,2.2141495,0.7,NGC_6475         ,3855.8672,268.17773191161,-34.97090954101
120862,268.1703513326,-34.92938751109,4040805871752189568,355.6217359141847,-4.361949734547816,3.577342953587832,0.0615785701373603,3.5331103815608103,0.116950695583467,-5.317028008963796,0.0951648867054772,,,147,8.205215,0.08947849,1.0,NGC_6475         ,8972.476,268.17033277818,-34.92936461833
120863,268.13384212599,-34.92947403681,4040806116594277632,355.6065114733006,-4.336152390180811,3.590795624444433,0.1296689331797073,2.917441309931029,0.2613229901369774,-5.287943520792436,0.2265988532552448,,,112,17.154724,2.023859,0.8,NGC_6475         ,,268.13382680479,-34.92945126927
120864,267.98431527017,-35.02636180863,4040806421506390656,355.46057682830406,-4.279396797268239,3.619161541143825,0.048058056410517,3.1826461238526327,0.0939759522717287,-6.213965670937609,0.0732636269252278,,,152,12.504605,0.974638,0.9,NGC_6475         ,5662.003,267.98429853644,-35.02633505405
120865,268.01636337042,-34.97116594081,4040807010001768064,355.5216399795125,-4.274122887383972,3.394362560875311,0.0665167725614324,3.529420443696391,0.118673059172567,-5.521681391327915,0.0950807622747015,,,135,15.700679,1.9568262,0.9,NGC_6475         ,4086.9685,268.01634482593,-34.97114216691
120866,267.96852085423,-34.94474435037,4040807662837349888,355.5246003009044,-4.226933459192593,3.711570162740972,0.0533430489795567,2.977385804261964,0.0878057759842282,-5.510411312630306,0.0680373422777151,-19.19218239518436,5.448491265346504,171,10.489852,0.74161625,0.9,NGC_6475         ,6699.7017,267.96850521531,-34.94472062499
120867,268.00476496618,-34.91374386711,4040808173853439104,355.5664895004331,-4.2368766257736885,3.5325325995184333,0.0438960991697423,3.617679078303464,0.0701094743866598,-5.61721405865573,0.0560056050749395,,,119,13.194904,1.1469088,1.0,NGC_6475         ,5070.9507,268.00474597126,-34.91371968188
120868,267.97558923244,-34.8852673214,4040808517450865280,355.5789767106252,-4.201827961331838,3.58669309220408,0.0330455395459061,2.9144155673788905,0.0587338591837705,-5.409966237260485,0.0474770217241204,,,140,13.394318,1.2016878,0.9,NGC_6475         ,5431.3687,267.97557393536,-34.88524402849
120869,268.05693945601,-34.79922210445,4040810720855068288,355.6872671455268,-4.215894939884072,3.676608099250074,0.1521364093494389,3.147952153245696,0.195818835880205,-5.604054044951932,0.1605137887359442,,,128,5.8442364,-0.14685869,0.9,NGC_6475         ,12936.276,268.05692295042,-34.79919797588
120870,268.21968737096,-34.91855165929,4040811060095134208,355.6515803695032,-4.391415196464515,3.6080633497788552,0.0338433994280714,2.225812038491472,0.0593075661727724,-5.272603413113405,0.047596072637023,,,164,14.158817,1.4477425,0.8,NGC_6475         ,4670.4614,268.21967568346,-34.9185289578
120871,268.29144208681,-34.86523628479,4040811545489964928,355.72751257406804,-4.415390087791498,3.475267494169014,0.0655437541562505,2.494269610861376,0.1179216026054216,-5.651555061736719,0.1000884898230772,,,165,15.852416,2.134698,0.8,NGC_6475         ,4434.9956,268.29142899817,-34.86521195171
120872,268.20415072515,-34.86617838913,4040812090868559744,355.6904964517505,-4.354002618549188,3.6030411946022256,0.0425794235114946,3.6388558445798855,0.0659807374189664,-5.749701256590045,0.0561150735221337,,,137,14.389639,1.5531654,1.0,NGC_6475         ,4658.5015,268.2041316301,-34.86615363347
120873,268.23707385542,-34.85663842181,4040812434466032256,355.7124188778672,-4.372522639223429,3.5442825814847074,0.0474603651324617,2.532089884809019,0.0971175373339696,-5.066413195903634,0.082154769907354,,,149,12.754105,1.0710688,0.7,NGC_6475         ,5413.348,268.23706056971,-34.85661660809
120874,268.37191092329,-34.80624974879,4040813533978087168,355.81197783735206,-4.442775296870204,3.555372911909086,0.0423121049528091,2.820251731693317,0.0655850403613889,-6.178538224236936,0.0531891998764762,,,145,13.139338,1.1624279,1.0,NGC_6475         ,5389.996,268.37189613466,-34.80622314675
120875,268.37602669211,-34.7597511111,4040813950673600000,355.85399175037924,-4.422307648354862,3.54493454173864,0.0539848036363674,3.7991784280933145,0.1125012356465893,-5.496308841819412,0.0852635443911391,,,145,8.946512,0.18066216,1.0,NGC_6475         ,8721.942,268.37600678149,-34.75972744643
120876,268.26935595064,-34.76115400296,4040814466068502656,355.8085270823244,-4.347295407861251,3.4269681510293157,0.0581519187454114,2.187856455817162,0.1022806932127912,-5.410764619497858,0.0823785819219279,,,164,8.880375,0.26620388,0.7,NGC_6475         ,8437.536,268.26934448439,-34.76113070661
120877,268.28745972616,-34.76443341209,4040814500428129024,355.8132006605915,-4.361794806347558,3.532616029214913,0.0449453142765614,3.779902180516375,0.0961094911701678,-5.220951121046386,0.0749960865381096,-13.946817084611949,1.8817072505508827,159,10.957001,0.6787014,1.0,NGC_6475         ,6684.869,268.28743991544,-34.76441093299
120878,268.28119324262,-34.74783821989,4040814569147736192,355.82497667779165,-4.348987301357102,3.658089098774092,0.0547893063201307,3.30871219870162,0.0963148898238094,-5.41467919246269,0.0798243273695981,,,156,9.151446,0.19614124,1.0,NGC_6475         ,8606.969,268.28117590492,-34.74781490669
120879,268.32871167605,-34.75525846886,4040814633490094720,355.8382665597658,-4.386454506960331,3.518832403238087,0.0447116131567388,4.030608889220249,0.0833585977690877,-5.398844252007383,0.0679502540419637,,,180,15.629905,1.9648075,0.7,NGC_6475         ,3914.5127,268.3286905537,-34.75523522384
120880,268.32973793941,-34.70288682634,4040815148881531008,355.8840756686174,-4.360818012416166,3.598485430954979,0.0531237097627053,2.813962837885186,0.112378211249454,-5.541697683403641,0.0919818516260814,,,124,12.623676,1.0236912,0.9,NGC_6475         ,,268.32972320222,-34.70286296626
120881,268.22727981407,-34.77387455315,4040815904795781376,355.78003709368943,-4.323854649133464,3.5741515867970004,0.0506058772703217,2.8277689812294384,0.0981928888764821,-5.49123126921125,0.0830285213391279,-16.62005435119515,1.6568194109860184,123,10.681623,0.63633823,0.8,NGC_6475         ,6523.1987,268.22726499185,-34.77385091035
120882,268.18803095952,-34.76283522109,4040816042234733952,355.7732885274107,-4.290446611190996,3.5522502517949874,0.0620277473550351,3.0330697504127806,0.1425221130294634,-6.135879643357895,0.1195335521041386,,,99,9.683205,0.35532665,0.8,NGC_6475         ,7370.313,268.1880150633,-34.76280880272
120883,268.18329251058,-34.7547296142,4040816218415650176,355.77833660914325,-4.282995777413527,3.4542029550070925,0.0623618226744678,3.109756490974756,0.0950625973423202,-4.273066332842305,0.0803139972349541,,,123,15.426428,1.932951,0.7,NGC_6475         ,4379.8687,268.18327621405,-34.75471121628
120884,268.12718928733,-34.79363799351,4040816321494919680,355.72132818061726,-4.262855390048049,3.578888946025607,0.0510875380515975,2.643131186493832,0.0952133875679155,-4.827946909505098,0.0804771490168454,,,139,12.479484,0.9889841,0.8,NGC_6475         ,5821.051,268.12717542959,-34.79361720651
120885,268.18538922776,-34.71571741291,4040817073182185600,355.81298381012385,-4.264797993525703,3.4784200670384617,0.1871993218442047,2.717739215320913,0.3185490989274692,-5.301942901947997,0.276264102619291,,,137,17.910204,2.1916409,0.7,NGC_6475         ,,268.1853749923,-34.7156945851
120886,268.15213598116,-34.72562006739,4040817146128943872,355.79057781252044,-4.24620112963547,3.5857536665840755,0.0598916651329056,3.966285924883063,0.0916923680389992,-5.60567194190995,0.0778032357195258,-20.14980852398836,7.818619817715987,125,12.806117,1.0541925,0.8,NGC_6475         ,5578.252,268.15211520335,-34.72559593186
120887,268.30902307602,-34.69302598963,4040818073842410112,355.8840192589929,-4.34113836181384,3.6333853336393975,0.0617290976757988,3.125329204706067,0.1145659397163696,-5.783733796785388,0.0909115090911485,-14.56399008405153,0.8013723372347646,130,10.588644,0.6280384,0.9,NGC_6475         ,6875.669,268.3090067101,-34.69300108745
120888,268.25157042232,-34.63492606561,4040819237695906688,355.9104677075149,-4.271045204832473,3.657344897201168,0.0360570932578415,3.42528492463272,0.0636969594941018,-6.373217987456871,0.0510938043832469,,,142,14.015623,1.4620199,0.7,NGC_6475         ,5133.696,268.25155249825,-34.63489862537
120889,268.20328480008,-34.63530900108,4040819375129345408,355.89004377933054,-4.236932367676709,3.5996628002499875,0.0497072987443057,3.6045073061969113,0.097951675938891,-5.759211693331162,0.0777600511289256,-11.74884704667418,2.6755060864874847,139,10.202926,0.53252697,1.0,NGC_6475         ,6771.7095,268.20326593807,-34.63528420447
120890,268.60752835508,-34.8963507014,4040819826190710528,355.83117747224605,-4.655233787447619,3.468175328811823,0.1094952433569145,2.5705738157489098,0.1560640513744102,-5.498238769465159,0.1270129742081981,,,129,16.121943,2.329814,0.7,NGC_6475         ,3853.915,268.60751486092,-34.89632702843
120891,268.61747391494,-34.8505380614,4040820513385634688,355.8750585055274,-4.639344461392168,3.6254900120660554,0.0378058556266704,2.565328897562528,0.0559557860474863,-5.527014180648396,0.0455756280155451,,,138,13.127491,1.141654,1.0,NGC_6475         ,5278.783,268.61746045582,-34.85051426453
120892,268.54096967542,-34.88638549497,4040820749522504192,355.8123726958916,-4.602998841113941,3.4907956633778854,0.0367847045594571,4.02578217455203,0.0630358338008834,-6.059076088410419,0.050184320682689,-13.285139637553003,7.501126368259203,151,13.020483,1.0783567,0.8,NGC_6475         ,5394.534,268.54094854476,-34.88635940728
120893,268.53985655836,-34.88742571098,4040820753848245760,355.8110104315838,-4.602730635891084,3.6001527860313662,0.1945980407277277,4.05939099084873,0.3687988913586324,-5.033059917828123,0.3076566010310754,,,102,17.492186,2.1069088,0.7,NGC_6475         ,,268.53983525102,-34.88740404085
120894,268.55788133137,-34.84646153505,4040821127476018560,355.85400600119374,-4.594981871924458,3.534463308873423,0.0598612064750721,3.102936394424765,0.1011481371959722,-4.06426509885747,0.0810078952817342,,,148,9.451897,0.2921524,0.7,NGC_6475         ,7967.6104,268.55786505248,-34.84644403613
120895,268.6057421758,-34.79361049818,4040821681561410816,355.919644513438,-4.602486728835101,3.5056261527272894,0.0334611263975771,2.4709495265322587,0.0539140369625402,-5.492544652785206,0.0423473074496256,,,151,13.040464,1.1343336,0.8,NGC_6475         ,5542.8394,268.6057292208,-34.79358684973
120896,268.67974265256,-34.86087224837,4040821780318403968,355.8917528511405,-4.688749683846983,3.560316514617979,0.0968897163726766,2.806745579221355,0.1443029874227033,-5.954819713668289,0.1171028078811187,,,148,16.197315,2.1744432,0.9,NGC_6475         ,3912.6963,268.67972792499,-34.86084660956
120897,268.67490252717,-34.84640740395,4040821849034497280,355.90232332581945,-4.678071785954256,3.530649433282447,0.0961112618384164,3.8118845623787,0.1038085075226173,-5.5149331286003695,0.0863270256790639,,,107,12.923401,1.0776377,0.9,NGC_6475         ,5424.8296,268.67488252895,-34.8463836591
120898,268.71997278708,-34.75103747448,4040822811103190272,356.0037512332796,-4.662395652797732,3.762391097918055,0.0932262094732566,3.209555838326497,0.129963417318738,-5.167640811748146,0.1055536044315567,,,123,8.355835,0.13848495,0.8,NGC_6475         ,8610.132,268.71995596831,-34.75101522492
120899,268.64027956522,-34.78916908258,4040822982909611392,355.9377564652315,-4.6248089882359125,3.73497549927016,0.1475368416545427,2.5686018297817683,0.3151576576757417,-5.37503059352583,0.2302247318955996,,,122,17.524057,2.2548714,0.7,NGC_6475         ,4364.4395,268.64026609897,-34.78914594009
120900,268.66786844256,-34.77050108867,4040823051625934336,355.9653522975747,-4.635075787877574,3.8087603100071847,0.0439780099569281,2.870298409695408,0.0650898131728179,-5.41251210702815,0.0496862268582198,,,124,13.380895,1.2395735,0.9,NGC_6475         ,5006.615,268.66785339803,-34.7704777848
120901,268.61369322931,-34.7783372277,4040823159085802240,355.936187419086,-4.600484541352245,3.647755820185057,0.0685465850329251,2.498959149845024,0.1127106212739218,-4.498763322810348,0.0861260543185627,,,139,9.46443,0.31113625,0.7,NGC_6475         ,8416.553,268.61368012988,-34.77831785803
120902,268.64361014924,-34.76146790379,4040823292139528960,355.963185673063,-4.6133029690813245,3.561331480480265,0.0828526452784073,3.045513876610918,0.1466388060352307,-5.731046460860919,0.1007752523751765,,,100,11.051214,0.7129946,0.8,NGC_6475         ,6167.232,268.64359418807,-34.76144322845
120903,268.63988714482,-34.7488139177,4040823326499265536,355.9726365383384,-4.604317565288104,3.391502552019252,0.0804398044743758,2.8599187300896167,0.1146697536624912,-5.233781266192553,0.0887534471156919,,,131,9.447966,0.28287983,0.7,NGC_6475         ,8653.522,268.63987215862,-34.74879138336
120904,268.66585594938,-34.73102366049,4040823743202353024,355.99880661666447,-4.61387943849684,3.3639526615611306,0.0616340239349534,2.590210174801596,0.0856502653617115,-5.637620300145384,0.0657958051559547,,,123,14.99288,1.74154,0.9,NGC_6475         ,4700.8926,268.66584237941,-34.7309993874
120905,268.54494864988,-34.79955798838,4040824602194950016,355.8893725625183,-4.56227355795665,3.538557028724361,0.062255230486359,3.4170596723829925,0.0917577434855491,-5.318293405469177,0.0721405261250963,,,170,9.14942,0.19564533,0.9,NGC_6475         ,8406.318,268.54493073321,-34.79953509017
120906,268.52570897243,-34.76170365318,4040824907047232384,355.91426837771155,-4.529612310376304,3.4661945628584823,0.0623451639909823,2.8916452384598794,0.1046095852917426,-5.767411677946368,0.0815252426428715,,,151,8.749742,0.18097019,1.0,NGC_6475         ,8642.285,268.52569381762,-34.76167882126
120907,268.4760175301,-34.76886957565,4040825285004355456,355.88749561316416,-4.49790451368839,3.626391087947874,0.0597358144602926,2.631306992018104,0.1071096384417886,-4.3149862455324834,0.0846181564345241,,,123,12.29406,0.9503603,0.7,NGC_6475         ,5444.6724,268.4760037385,-34.76885099724
120908,268.43741926905,-34.76230459587,4040825456803046528,355.8772119019618,-4.467189738691275,3.5542127986583427,0.0640128469266406,2.8899616299402213,0.1238556964154942,-5.112917274603563,0.0987009458266313,,,146,8.899456,0.20905495,0.7,NGC_6475         ,8530.852,268.43740412295,-34.76228258192
120909,268.51598138559,-34.73486681616,4040825839145829760,355.93352967479774,-4.509230780818201,3.4859906793329927,0.0630868855590458,3.2522796420072555,0.1074173854210819,-5.072275192682497,0.0876304599694388,,,165,8.409638,0.13291359,1.0,NGC_6475         ,8779.227,268.51596434628,-34.7348449772
120910,268.59480247222,-34.73288012951,4040826281436764032,355.9678465553048,-4.564272256105741,3.547602076335131,0.0598605976491081,2.635558915046257,0.1033848767971595,-4.691177988748788,0.0830620546595495,-15.945314800092552,6.88612056103432,124,12.127209,0.9065304,0.8,NGC_6475         ,6053.251,268.59478866435,-34.73285993139
120911,268.55993155733,-34.72767227152,4040826526340512128,355.9579515593679,-4.53686546411282,3.608539519432615,0.0711573185300726,2.9940449249890992,0.1253707630953183,-5.849293924769789,0.0949325365863187,,,141,6.8426905,0.08857727,0.9,NGC_6475         ,9127.662,268.55991587232,-34.72764708706
120912,268.60893831681,-34.70364649003,4040826625034145792,355.9990656199769,-4.559673815355847,3.828915180291104,0.1187176903575967,4.475285568456861,0.1335523393876342,-5.556357916068328,0.1051287510389164,,,133,12.401693,1.0625477,0.8,NGC_6475         ,5892.885,268.60891487878,-34.70362256682
120913,268.77239687537,-34.69036106953,4040828897166767744,356.0780900176744,-4.6693692943091065,3.593368655120337,0.0671935190610548,3.306742534400753,0.0907014808952446,-5.119414348729853,0.0705554379828034,,,126,15.2732525,1.8677292,0.9,NGC_6475         ,4081.2292,268.77237956003,-34.69033902761
120914,268.83758681337,-34.66858826939,4040829172042682496,356.1238878736312,-4.704929397884803,3.5125056795092786,0.0644504835560479,2.5246827208640696,0.0753738446849677,-5.7105760744176735,0.0576849667718705,,,127,13.969792,1.411829,0.9,NGC_6475         ,4890.254,268.83757359666,-34.66856368218
120915,268.74239108572,-34.67190889335,4040829717438985984,356.0817445694494,-4.638774262186126,3.5838711195986352,0.0495079363547905,3.273918011996962,0.0714759325007041,-4.998511759734636,0.0541609264966242,,,115,13.756519,1.337614,1.0,NGC_6475         ,4899.9165,268.74237394609,-34.67188737198
120916,268.74045025727,-34.6371299542,4040830370245623296,356.1111581762347,-4.619996643018376,3.510081655656388,0.0781374006601195,3.1215798047218075,0.1137785402481748,-5.543057239024384,0.0909364528924974,-17.213989621182087,1.2666192709398096,119,11.548953,0.81884193,1.0,NGC_6475         ,6322.4414,268.74043392201,-34.63710608826
120917,268.73836353546,-34.63961889242,4040830374578650496,356.108134381948,-4.619754949688337,3.630103540363199,0.0949023341765811,3.0433620123733047,0.122834383175276,-5.985056526725153,0.09747291379103,,,130,15.536535,2.1499805,0.9,NGC_6475         ,4907.8125,268.73834760904,-34.63959312343
120918,268.8921998318,-34.6213760185,4040831199267251968,356.18743992203645,-4.720293788928517,3.3965742882263927,0.0806067523030313,2.7725933460726395,0.1050550310823385,-5.8380745427741765,0.0853797624457905,,,153,11.230477,0.8948107,0.9,NGC_6475         ,6083.614,268.89218532555,-34.62135088234
120919,268.82031998754,-34.60916939796,4040831714663740288,356.16841729941814,-4.6629440005058775,3.644880847331288,0.0460344446328137,2.777087415534248,0.0782715136330306,-5.206561715927637,0.0608966466941884,,,104,14.393653,1.5141191,1.0,NGC_6475         ,5023.7266,268.82030545991,-34.60914698082
120920,268.89183293032,-34.54400301195,4040832397476308096,356.25456556665813,-4.6814211205751,3.702298546601993,0.0869663482800611,3.3353904385189312,0.1292116861671733,-5.666015191244088,0.1063600329684033,,,151,12.738482,1.2637138,0.8,NGC_6475         ,5746.073,268.89181549574,-34.54397861661
120921,268.69953188491,-34.54219020251,4040834635242511616,356.17670926064847,-4.543323643342083,3.4187871537605417,0.0586169558814519,3.0020312561050013,0.1058622400165298,-5.246581217139937,0.0830989172712752,,,149,6.9011607,0.141613,0.8,NGC_6475         ,8839.894,268.69951619319,-34.54216761306
120922,268.68375687496,-34.53147496604,4040834837017784704,356.17948698161985,-4.526709944804778,3.5935691484557544,0.0493412363718613,3.317115943877732,0.0789012870106689,-4.724367724291944,0.0604635047118518,,,133,14.808611,1.7124109,0.7,NGC_6475         ,4093.0806,268.68373953852,-34.53145462501
120923,268.78344705507,-34.57325983632,4040835013199016704,356.184404174502,-4.61870606461398,3.623179495079623,0.1573941416331904,3.456274296825036,0.3108976460464009,-5.137979724389544,0.2361452867253142,,,123,17.618792,2.3646946,0.7,NGC_6475         ,3650.959,268.78342898226,-34.57323771446
120924,268.76245080087,-34.56606394667,4040835043375766656,356.18198366397,-4.600135322555468,3.73985016416384,0.0715454040370931,3.786471081113027,0.1160501284002772,-5.8761630042596575,0.0931534475145309,,,122,15.799325,1.9814377,1.0,NGC_6475         ,4200.603,268.76243100318,-34.56603864652
120925,268.40985272576,-34.75060187231,4040837242197990272,355.8759413506386,-4.441728200051156,3.745433044659281,0.1054546753629787,3.381129338387287,0.1827481377848194,-5.022862377877491,0.1467238786714857,,,165,14.336874,1.7883835,0.8,NGC_6475         ,5077.366,268.40983500801,-34.75058024609
120926,268.45130459411,-34.70295264273,4040837791954147712,355.9344337154792,-4.447232028592064,3.5733861114793246,0.036939664443718,2.9582495124157444,0.0668284047569637,-4.915056237800215,0.0509056257409777,,,171,12.9445505,1.0800438,0.7,NGC_6475         ,5558.202,268.45128910125,-34.70293148068
120927,268.38805953109,-34.71162984877,4040838307350150400,355.90069491255946,-4.4066495950450255,3.5647502284039616,0.030025491855986,3.5045244100711903,0.062344428184102,-5.373863685999084,0.0473389699738971,,,158,13.665932,1.2782001,1.0,NGC_6475         ,5037.3994,268.38804117537,-34.7116067113
120928,268.49232536092,-34.62931676541,4040839681734720384,356.0152958896384,-4.439415290324634,3.5213369626234834,0.0475831291793119,2.9093981523423555,0.0885909822745211,-4.602798258514081,0.0664286877026554,-12.95785857938422,5.675477565011939,156,12.0948715,0.90986824,0.9,NGC_6475         ,5984.862,268.49231013744,-34.6292969478
120929,268.47678433848,-34.64187954264,4040839716099944832,355.9979583317434,-4.434668056983003,3.7181340470436393,0.0456646322802394,3.0977860927366345,0.0802960950882624,-5.845848725564902,0.0615292709739799,,,172,15.430902,1.9465322,1.0,NGC_6475         ,,268.47676812681,-34.64185437301
120930,268.55803807917,-34.55632754194,4040840442041502976,356.10584971804843,-4.44956237751693,3.5228063718914093,0.0418722676156018,3.886915819778476,0.0683996801480596,-5.840028770193916,0.0509160625581461,,,122,13.350678,1.190978,0.7,NGC_6475         ,5179.2437,268.55801775868,-34.55630239737
120931,268.45160255029,-34.61309556281,4040840545120740992,356.01247752055247,-4.402290143852888,3.547091041498392,0.0480152971637971,2.6837651982080475,0.087446496894582,-4.576138881375259,0.0662744917241867,-11.562141135918692,0.295637656157016,158,10.515395,0.6137066,0.9,NGC_6475         ,8618.713,268.45158851019,-34.61307585999
120932,268.47249086103,-34.5613474235,4040840923078050560,356.06601671855253,-4.3911549488378006,3.6442627827982688,0.1343798001766102,2.964990405538149,0.1793357403493458,-5.575638918992202,0.1380211761167748,,,124,16.377302,2.1662788,0.9,NGC_6475         ,,268.47247535936,-34.56132341728
120933,268.52251727546,-34.56292873304,4040841060516851328,356.08539723529344,-4.427573841348069,3.668461479123799,0.0680678695082219,2.5162571787070807,0.1203662605579043,-4.516985751178014,0.0821971167687598,,,135,10.446038,0.6042166,0.7,NGC_6475         ,6940.4155,268.52250411962,-34.56290928491
120934,268.49746809091,-34.51000352221,4040841541553516672,356.1209088596201,-4.383152765647622,3.607359167348324,0.0790311264113229,2.580599835607728,0.1260339126700401,-5.9008962054776495,0.1001200277733126,,,115,8.528035,0.27504444,0.9,NGC_6475         ,8311.309,268.49745460724,-34.50997811557
120935,268.32477361673,-34.62564537835,4040841983837190912,355.9489416939599,-4.318398634504595,3.548509753090621,0.0544679272569689,3.740952702327896,0.1170028045168359,-5.419674778516859,0.0963347190992726,-15.231933870181052,2.431339989884096,124,11.593207,0.8060608,0.9,NGC_6475         ,6304.0757,268.324754043,-34.62562204364
120936,268.3165976293,-34.62087607241,4040842056948543232,355.94967589768964,-4.3101841860619645,3.480925955571632,0.0719292302079102,3.43617063927943,0.1441660639231753,-5.730290375766975,0.1131279634780431,,,129,6.92747,0.019058704,0.9,NGC_6475         ,9435.702,268.31657965131,-34.62085140033
120937,268.34093046791,-34.54552489712,4040843431338280064,356.025076175188,-4.2895470901864,3.8701939334802153,0.0634008631165636,2.7806503596978187,0.1064286802863899,-5.629331955426656,0.0836270278477291,,,151,15.453881,1.9768181,0.9,NGC_6475         ,3995.7065,268.34091593277,-34.54550065972
120938,268.3148724662,-34.54442492503,4040843530187641472,356.0151894893927,-4.270450253208822,3.5923082839711364,0.0475361882860922,3.0365342492129326,0.1508551844344803,-5.379091850433236,0.1282916230619717,,,116,14.1013,1.4098511,1.0,NGC_6475         ,4784.1963,268.3148565937,-34.54440176505
120939,268.41631758433,-34.58482024843,4040843770553658624,356.02234816962954,-4.362968046144156,3.814868365681503,0.0923250692389832,2.5828047243120635,0.1526551379230624,-5.0454031719151935,0.117550983390969,,,140,16.518253,2.3611107,0.9,NGC_6475         ,,268.416304077,-34.58479852517
120940,268.39811036734,-34.53612326142,4040844148510776704,356.05699544026345,-4.3255157337986585,3.473195259777055,0.1380532643799474,2.541229745316612,0.2200760346056997,-5.713667116246329,0.1628054723652754,,,113,16.626417,2.1668425,0.8,NGC_6475         ,4163.357,268.39809708521,-34.53609866091
120941,268.46981206086,-34.50815463286,4040844423378608768,356.1110293290707,-4.362519165040926,3.3903284723930147,0.0719432324021048,2.466579470121517,0.1190321312838028,-5.203878372567211,0.0898359760801731,-9.858624699454683,2.88640408309222,107,12.094345,0.88830566,0.7,NGC_6475         ,5876.7183,268.46979917324,-34.50813222727
120942,268.46627392377,-34.51237352223,4040844423595733376,356.1059018646166,-4.362118593602921,3.625269105495873,0.0604320889997883,3.2518681537834766,0.0901679855398443,-4.947209073697725,0.0685351410402626,,,120,15.021331,1.7702713,0.7,NGC_6475         ,4859.457,268.46625693223,-34.51235222174
120943,268.46673237159,-34.46781152459,4040844840088710656,356.1447295786316,-4.340050502763983,3.5543426856335207,0.0746665177024763,3.7543661030406494,0.1119854786900632,-5.9804839575551,0.0909285577040252,-5.327721545284794,11.47130391896354,126,10.098999,0.7168865,1.0,NGC_6475         ,7428.379,268.4667127649,-34.46778577529
120944,268.35394728055,-34.48148228461,4040845248012328576,356.0859790275565,-4.266569252805078,3.5185116961161302,0.0747064251074236,2.284662828793214,0.1149194304915583,-5.8375683024879885,0.0861789796596004,,,115,12.184263,0.89507866,0.9,NGC_6475         ,5947.6504,268.35393534724,-34.48145715064
120945,268.62428096203,-34.52309130743,4040846588070018048,356.1621401083884,-4.480103199947492,3.5676495736628904,0.0609748259611642,3.947580980973536,0.0971009953337593,-5.730688212067244,0.0765533495917997,,,114,15.3352165,1.839633,0.8,NGC_6475         ,,268.62426033262,-34.52306663363
120946,268.65551044972,-34.50554211721,4040846656761602176,356.1903083942988,-4.493577072746582,3.609892205409399,0.0636358371008842,2.94459461872583,0.112081456652026,-4.61794262642764,0.0878278073869672,-18.707103507688004,6.005108056119895,140,11.353553,0.8141279,0.7,NGC_6475         ,6018.2764,268.65549506499,-34.5055222344
120947,268.62170311371,-34.49343227698,4040846897290017408,356.1868140367946,-4.4633978501600655,3.852564046425536,0.2425750605939875,2.5651285651487847,0.3641508429170782,-6.352298272790498,0.289303959394582,,,144,17.952255,2.3013535,0.7,NGC_6475         ,3644.8218,268.62168971354,-34.49340492681
120948,268.64790537946,-34.48179813028,4040846966261777792,356.20776964436885,-4.476255583147524,3.3778001616802062,0.0802284059963615,2.886118684353145,0.1333025211142239,-4.651418697429214,0.1031322509140702,,,155,16.194462,2.1754894,0.7,NGC_6475         ,3863.2026,268.64789030455,-34.48177810334
120949,268.53072587747,-34.4797886966,4040847554510333952,356.16091951951046,-4.391683614921435,3.492372163072829,0.075263120575596,3.54299309229098,0.1061721851288058,-3.9378481243121697,0.0854034101998609,-20.840156095098507,6.032655504437245,122,11.106606,0.75634384,0.7,NGC_6475         ,6312.542,268.53070737199,-34.47977174197
120950,268.61303254634,-34.46674620869,4040847760668408832,356.206379851749,-4.443834669001276,3.372973383783632,0.0600831040047986,3.984443037165061,0.1094303249705358,-5.20096993077457,0.0835915651834716,,,138,6.057842,0.13434458,0.7,NGC_6475         ,9039.364,268.61301173836,-34.46672381563
120951,268.59519553121,-34.42257766165,4040848138625906304,356.2373083838178,-4.408958321298727,3.481543208588393,0.0602143144693609,3.83033569874327,0.1017247749912764,-5.738778508169334,0.0779576866258965,,,121,9.883887,0.44299412,0.9,NGC_6475         ,7435.4316,268.5951755386,-34.42255295302
120952,268.69969921284,-34.45138347346,4040848374748518784,356.2556298187816,-4.49797918183328,3.5845675638884407,0.0307833254459677,2.7591423646026296,0.0574880201527751,-5.1446454584325085,0.0446422802970926,,,149,13.501055,1.2510338,0.7,NGC_6475         ,5250.548,268.69968480641,-34.45136132291
120953,268.74131709509,-34.39411136277,4040848963259037568,356.32260101291035,-4.499029633640657,3.613153066108264,0.0423186107339977,3.559922858584781,0.078462891022904,-5.275268389798673,0.0626628396929582,-14.705966880168402,3.367382052735638,156,12.901739,1.0948296,1.0,NGC_6475         ,5347.948,268.74129852023,-34.3940886498
120954,268.71621391476,-34.40799191673,4040849031922356608,356.3001480017436,-4.4880458718297085,3.674491618085284,0.139828307955936,3.735967275602951,0.2391909123523039,-5.671515024649068,0.1931474956986282,,,149,16.570457,2.117238,1.0,NGC_6475         ,4574.6694,268.71619441812,-34.4079674977
120955,268.47897926151,-34.47112944402,4040850646888532864,356.1469411873374,-4.350447057461868,3.571750423640331,0.0706902474881761,3.586837282466821,0.0812208357391767,-5.867673470915596,0.0644734866970852,,,104,13.672516,1.3004208,1.0,NGC_6475         ,5032.2246,268.47896052897,-34.47110418043
120956,268.52709268803,-34.42070637613,4040851192253693312,356.2106555405777,-4.3594280202524045,3.603939539703643,0.0580379481576225,2.9225646547615445,0.096068095594595,-6.111474308558403,0.074446075637805,,,111,15.078186,1.7762928,0.9,NGC_6475         ,4154.9507,268.52707743392,-34.42068006284
120957,268.55057922481,-34.39800904408,4040851329692712320,356.2400985278911,-4.364790696161063,3.506954283869329,0.0400912303360883,3.2707270316252908,0.0665062170947053,-5.447903482026479,0.0521912079955243,,,123,14.0154915,1.3998213,1.0,NGC_6475         ,4784.5356,268.55056215811,-34.39798558783
120958,268.45776255687,-34.43927702435,4040851467388757376,356.16574017379526,-4.319314181679118,3.53045867249349,0.0789858619608809,3.075848273802312,0.1147673888349537,-4.992846753807824,0.0884009477051721,,,122,15.744858,1.9789963,1.0,NGC_6475         ,4093.7964,268.45774649914,-34.43925552737
120959,268.45591001636,-34.39506163106,4040851883838450944,356.2033004208593,-4.295765863952215,3.668161069921597,0.0864154380458854,3.2409410500336286,0.1286284458791344,-5.130632964385848,0.1035731257044651,,,106,10.278385,0.5832939,0.8,NGC_6475         ,6591.978,268.45589310569,-34.39503954083
120960,268.5302080369,-34.38450379396,4040852158715976960,356.2433480146621,-4.34347216894704,3.457704538841353,0.0747876689594568,3.0089653486499137,0.1172820830823747,-4.801275268486895,0.0923029478155151,,,123,15.989088,2.0249815,0.7,NGC_6475         ,3957.6116,268.53019233861,-34.3844831218
120961,268.59005858707,-34.31678359937,4040853837983419520,356.3269621361968,-4.352218030368623,3.54106186329882,0.0485065360014575,2.929511641245504,0.0674270657532065,-5.2754554011212695,0.053370801397859,,,123,13.165507,1.1670542,0.9,NGC_6475         ,5534.4717,268.59004331565,-34.3167608856
120962,268.59234756763,-34.28245096418,4040854318981634176,356.35769760003626,-4.336627726906428,3.576300272371949,0.0485366583680317,4.359751412523847,0.0799809125820485,-5.055542187519208,0.0641552799550192,,,131,13.730147,1.3656797,0.7,NGC_6475         ,4827.573,268.59232484972,-34.28242919726
121294,267.89149609822,-34.91779411194,4041558556269700608,355.5158317466649,-4.158834263118817,3.5231041532610634,0.0559211700947579,2.634481332468644,0.0931341931634663,-5.145556187882005,0.0745397505448674,,,143,15.623524,1.9407845,0.9,NGC_6475         ,4155.9165,267.89148226498,-34.91777195747
121295,267.96599896784,-34.83622028998,4041560720871750016,355.6173942993836,-4.170213265147517,3.438063890607417,0.0560183403579966,3.575457655498281,0.1038747476434109,-5.516830250831215,0.0852721988075596,,,129,9.766293,0.35374165,0.9,NGC_6475         ,6468.972,267.9659802123,-34.83619653696
121296,267.97565498196,-34.79711228617,4041561137506072192,355.655233600708,-4.157251186621348,3.543321208923503,0.0584899681407561,3.544950135358637,0.1042297224573046,-5.912086891214364,0.0853828861498401,-12.33611143107612,6.554064421952143,130,10.972526,0.6845274,0.9,NGC_6475         ,6663.625,267.97563639528,-34.79708683135
121297,267.97035338096,-34.78247161976,4041561171865960448,355.6656826068236,-4.146084429192195,3.5939483623408868,0.0669570925835517,3.267819594584215,0.1243363177183434,-5.502635703628809,0.1037042652277524,,,127,7.7885065,0.017864227,0.9,NGC_6475         ,9557.525,267.97033625036,-34.78244792786
121299,267.8787780376,-34.77007452939,4041563572701728256,355.638189048374,-4.074954112072198,3.7247241547301058,0.086009781296371,4.441436365896629,0.1314308890527847,-5.720374674610295,0.1108144767930268,,,148,14.950512,1.8889065,0.8,NGC_6475         ,4882.41,267.87875475814,-34.7700499
121300,267.89139883542,-34.70431391818,4041565496847317248,355.7002848068626,-4.050551312260174,3.3293715323883686,0.1192504471726657,2.9593457883273864,0.2074576290704472,-5.619255401885631,0.1721572495576574,,,131,17.071077,2.1342163,0.7,NGC_6475         ,4162.544,267.89138333657,-34.70428972417
121301,267.94472094357,-34.66055594349,4041566050949903488,355.7603798372532,-4.066173794057259,3.4603198227731102,0.1611957483007469,2.785605839666444,0.2605899029796365,-5.585061284390963,0.2159155280477177,,,139,17.175571,2.361845,0.7,NGC_6475         ,3761.6414,267.94470636235,-34.6605318967
121302,268.08126891886,-34.72165590453,4041567455405859200,355.7645048185019,-4.193930446876304,3.614419165352968,0.0552319168491927,2.9039010944594605,0.0937908702675298,-4.737189786431621,0.0801648712833605,,,138,15.053563,2.0681076,0.8,NGC_6475         ,4876.9297,268.08125370719,-34.7216355083
121303,268.02840834686,-34.65565653874,4041568795381660288,355.79955581757935,-4.123057273539957,3.443597329059476,0.0599556960384418,2.970046856386362,0.0982597951900557,-5.101626055317965,0.0815324503096638,,,150,9.000116,0.2804041,0.8,NGC_6475         ,8379.744,268.0283928011,-34.65563457341
121304,268.08689150334,-34.61811495838,4041569138979042688,355.85642512818896,-4.145583367069383,3.591803225645116,0.0522113121396088,1.9887408772652728,0.0923265749301308,-5.637323638332885,0.0767789896479938,,,144,11.253845,0.72895527,0.8,NGC_6475         ,7311.3506,268.08688109863,-34.61809068657
121305,268.11051347361,-34.59511494338,4041570655157572864,355.8861757854093,-4.1507353808899135,3.560598507343115,0.0329077151356366,2.845770890032132,0.0584192404202848,-6.390626223360572,0.0492278067015544,,,139,13.811042,1.3256712,1.0,NGC_6475         ,5083.532,268.1104985892,-34.59508742818
121306,268.09589561347,-34.58177572648,4041570930035616256,355.8916182594988,-4.133609672844501,3.567960646092214,0.0535227730032263,3.064740109440512,0.0997945479320203,-6.315485772050994,0.084093898045124,-15.922393904191054,1.7444319171522396,118,12.538281,0.9784565,1.0,NGC_6475         ,5804.87,268.09587958634,-34.5817485348
121307,268.14197256777,-34.49380346082,4041574572169325568,355.9869596547813,-4.121909562415663,3.4458823256048903,0.0858775597055558,2.595915893050173,0.1169464746716604,-5.561114637177397,0.096385662634435,,,138,15.592916,,0.8,NGC_6475         ,3538.7458,268.14195900671,-34.49377951713
121308,268.02580306633,-34.50143606428,4041575151973599872,355.93182466765194,-4.04316854516212,3.648246747390077,0.0271117021949977,2.992823729956559,0.0540487318670026,-6.600454691210927,0.045217425472395,,,148,13.379947,1.4343615,0.7,NGC_6475         ,5062.0234,268.02578743039,-34.50140764565
121310,267.85708156655,-34.55996544231,4041579240742120832,355.81063473686726,-3.9530013076560033,3.5565354056054392,0.0481397233389071,3.52163050468056,0.0895019272813233,-5.399713118948812,0.0731367218266042,,,169,8.915546,0.37530327,0.9,NGC_6475         ,7999.735,267.85706315493,-34.55994219355
121311,267.85267320495,-34.56814286543,4041579245095767936,355.8017250043016,-3.954022587244447,3.452437194666835,0.0915699392433683,2.612880359057015,0.160650793300707,-4.846699752645896,0.1326844997982017,,,162,16.719036,2.2606277,0.8,NGC_6475         ,3773.6252,267.85265954307,-34.56812199769
121317,267.90798428771,-34.57071246946,4041584875740420224,355.8226621539602,-3.994577737563219,3.598443324640677,0.0279298128138281,3.738659249239433,0.0546418734201929,-5.848284578485645,0.0434264132107748,,,158,13.205069,1.1418943,1.0,NGC_6475         ,4973.386,267.90796473891,-34.57068728935
121318,268.04491752001,-34.39860337799,4041587835035457280,356.02873268108084,-4.00472262039981,3.2504689212979194,0.1782385110606357,2.700849132639274,0.3400869860894938,-6.352073818457206,0.2719162004343769,,,132,17.743069,1.98209,0.7,NGC_6475         ,,268.04490342685,-34.39857602878
121319,267.93105893669,-34.42557852617,4041588243206224512,355.95772719714444,-3.937392040781434,3.7557602856143606,0.0457675269689029,2.392552867898009,0.0874126203915833,-5.212541902483884,0.0739086833688421,,,151,15.2437725,1.8351755,0.7,NGC_6475         ,4054.8308,267.93104644821,-34.42555608328
121320,267.98883554556,-34.36070162738,4041588895828594176,356.038006717024,-3.94561871348389,3.494499735674931,0.0512090434837908,3.423895056308281,0.0975561153368755,-4.936138749862851,0.0780977590495585,,,136,11.767926,0.8671322,1.0,NGC_6475         ,6128.604,267.98881768759,-34.36068037456
121321,267.9779505595,-34.34128542182,4041589175065687552,356.05022363078115,-3.928034667519132,3.659951972235956,0.0482031817992471,3.011938130053576,0.0925461313862628,-5.806722615467454,0.0730491164635927,,,149,12.316859,0.95613194,0.9,NGC_6475         ,5308.065,267.97793485381,-34.34126042065
121322,268.25223611856,-34.55742267284,4041593740557261696,355.97786113556754,-4.232442524501513,3.58670199816442,0.0737525619476993,2.20365755184336,0.1204213347889406,-5.8962585886346925,0.0970332124864058,,,97,11.185807,0.73592186,0.9,NGC_6475         ,6123.5967,268.25222459786,-34.55739728617
121323,268.25105984917,-34.51796666557,4041594084154774912,356.0115366657804,-4.211710402800192,3.490404626280152,0.0326031611072734,3.0653008641594788,0.0558774899534813,-5.458895115739091,0.0448747899112419,,,142,13.1493,1.1220083,1.0,NGC_6475         ,5210.4746,268.2510438314,-34.51794316199
121324,268.19049129433,-34.51226747265,4041594844424703872,355.99122435038134,-4.165745107793123,3.6125975202682254,0.0601587595160229,2.743294879762932,0.1286308580486043,-5.182534530326657,0.1043159887630166,,,128,9.324601,0.32192135,0.7,NGC_6475         ,7808.5425,268.19047696019,-34.51224515896
121325,268.27477120426,-34.45537671847,4041595462901020416,356.07561519410365,-4.1970307506161015,3.534933591654166,0.0351513269596277,2.4878618494593416,0.0588726440228913,-6.048442822194476,0.0458253127895947,,,139,13.698215,1.2865295,0.9,NGC_6475         ,4825.7183,268.27475821366,-34.45535067656
121326,268.23519452714,-34.44606267476,4041595703418257152,356.0671777068422,-4.1641520221966815,3.7076704943466456,0.0689338904278765,3.8441752481842935,0.1223861750901003,-4.98185205533614,0.098736876376942,,,144,8.64383,0.20442581,0.7,NGC_6475         ,8339.436,268.23517445665,-34.44604122512
121327,268.33862172884,-34.47701874325,4041595875163518592,356.08346716763367,-4.253406820083038,3.4890164595351902,0.0921939163864025,3.0985909500580964,0.1320567798291678,-5.667647321090513,0.1004640961679799,,,112,16.08488,2.1621704,0.7,NGC_6475         ,3891.3547,268.33860554506,-34.47699434088
121328,268.30317424392,-34.44588266984,4041596214458422528,356.09567411403617,-4.212474468068819,3.4716458854038423,0.0702724333926413,3.319743909149989,0.1057543161032851,-5.320601917568681,0.0823758464430244,-10.541452817489915,5.6710878678392325,117,11.556757,0.9231453,1.0,NGC_6475         ,5746.458,268.30315691153,-34.44585976169
121329,268.31850758067,-34.33786317477,4041597966805077248,356.19562011811973,-4.168972168362044,3.601018715147624,0.0795831003881274,2.7233966308719526,0.1082472212875172,-6.1848037127477244,0.0861075060824424,,,136,9.6604,0.3586321,1.0,NGC_6475         ,8625.656,268.31849338015,-34.33783654575
121330,268.13707088482,-34.47970494331,4041598108600105728,355.9971118155764,-4.111300294973703,3.526031716182941,0.0559435823405299,2.105043341337508,0.0902792025847325,-5.419324126077064,0.0725954738108613,-13.055215405656387,1.4729141762752456,152,11.728126,0.81803894,0.7,NGC_6475         ,5644.475,268.13705988994,-34.47968161011
121331,268.14990983885,-34.41427280505,4041598550917295872,356.0590873035943,-4.087381055034992,3.647692328813756,0.0506794088210972,2.9905178830668024,0.086029540589831,-5.682270241980215,0.0676294101241022,,,140,12.891462,1.086731,0.9,NGC_6475         ,5377.061,268.14989423126,-34.41424833972
121332,268.15373371225,-34.41038160425,4041598550920963968,356.06405175515846,-4.08813789720382,3.474279145768571,0.0380434779034827,2.9526564939060247,0.0647229946074919,-4.825809470299425,0.0516243254117636,,,148,14.303708,1.4936771,0.9,NGC_6475         ,4579.2007,268.15371830297,-34.41036082646
121333,268.08235474192,-34.41686487615,4041599414270468480,356.0286051622373,-4.040604080244327,3.7349609168885993,0.1071834716665474,2.3459756524477102,0.2104730228703964,-5.410936058560002,0.1599876647946238,-22.504209485082583,2.595803396563901,175,5.501639,1.2662635,0.8,NGC_6475         ,4265.885,268.08234249783,-34.41684157906
121334,268.24152310605,-34.35042317169,4041600646864670208,356.1526125284243,-4.1204123507310335,3.39256030224095,0.0749332052782516,2.3938098572955924,0.1071886909570029,-5.014829138708172,0.0812977081139697,,,125,10.670878,0.6537123,0.7,NGC_6475         ,6271.1626,268.24151062222,-34.35040158006
121335,268.31720852733,-34.31147959908,4041600956102920064,356.2179272889635,-4.154750526740217,3.544456047888031,0.0679084774741414,4.057568342593941,0.091513530497685,-5.4415688701004,0.0730420331445275,,,135,12.797463,1.0719528,0.7,NGC_6475         ,5102.256,268.31718737673,-34.3114561701
121336,268.18797875239,-34.31836166052,4041601647654904960,356.1579875817865,-4.066060321901282,3.622927766775621,0.0669068994812534,2.991036292899432,0.1374586474978054,-5.316224165875031,0.0876050868526154,,,134,15.554555,1.9526749,1.0,NGC_6475         ,4006.7053,268.18796315995,-34.31833877122
121337,268.43182543088,-34.24333426274,4041604533875200512,356.32477520642607,-4.202268500538156,3.535377156181908,0.0490122918381149,3.915168455242037,0.0763811814734609,-5.266342433598966,0.0613255584226123,,,122,14.763186,1.7099543,0.7,NGC_6475         ,4281.9756,268.4318050391,-34.24331158821
121338,268.32228551165,-34.28411010943,4041606939057297920,356.2437489116149,-4.144581191557632,3.5256679051232345,0.0435848386532035,3.114403430643204,0.0609319365118223,-5.67710681096371,0.0483263261159978,,,139,13.413916,1.2089243,1.0,NGC_6475         ,5148.9116,268.32226928271,-34.28408566633
121339,268.35351954183,-34.28585648101,4041606973416808960,356.2552718926478,-4.167753782281486,3.549865752903232,0.0929846288998627,3.1508051678537354,0.1205099480426197,-4.668555864314458,0.0916807168916776,,,120,11.732257,0.8555107,1.0,NGC_6475         ,6070.202,268.35350312287,-34.28583638028
121340,268.36300585538,-34.2657989328,4041607003451485312,356.2766042522172,-4.164424296535701,3.437462232262082,0.1964292950332819,3.3797007583513734,0.2807991804001632,-6.015818586021186,0.2255571385220929,,,149,16.23591,,0.8,NGC_6475         ,4419.732,268.36298824783,-34.26577303136
121341,268.32774874217,-34.27281454171,4041607140860938240,356.25581189928647,-4.142788692686345,3.532979074286356,0.1750085936572741,3.609785409830331,0.2095483087851264,-5.412318828034863,0.1682583162515493,,,129,17.069143,2.3651524,0.7,NGC_6475         ,3863.9148,268.32772993436,-34.27279123867
121348,267.98747824351,-34.31253688317,4041612677136018560,356.079063706003,-3.920254318312881,3.7053234497378416,0.0449255034036458,2.853525562867572,0.0836418925087998,-4.999741288208597,0.0686845322401232,,,125,14.389255,1.5293121,0.9,NGC_6475         ,4554.145,267.98746336896,-34.3125153565
121349,267.95041467595,-34.28437770827,4041615906951544192,356.08784417592574,-3.8795885512534727,3.4738547249714844,0.0382791185442753,2.9945294040233774,0.0718652015461975,-5.777297212074866,0.058527192765451,,,133,14.1803465,1.4909258,1.0,NGC_6475         ,5230.184,267.95039907162,-34.2843528338
121350,268.04095670351,-34.24998648768,4041616211825713664,356.15555701985835,-3.926682876784188,3.5118350723253045,0.114563985466178,3.210583056208771,0.2314465943125016,-5.378693731631932,0.175967613907413,,,129,17.138338,2.450284,0.8,NGC_6475         ,3605.73,268.04093998017,-34.24996332941
121451,268.98233909732,-34.57161036874,4042285711330182016,356.2678514822135,-4.759795680994894,3.429286135037064,0.0694734948951713,2.8452833983532515,0.1018711581942629,-6.141885020017315,0.0853046606108582,-10.145551628994715,7.390881024317616,152,12.261736,0.96973324,0.9,NGC_6475         ,6094.8325,268.98232421967,-34.57158392451
121469,268.87261121166,-34.51261312721,4042333883683410816,356.2739248134705,-4.652030715239862,3.51859328313783,0.0617170701178899,3.4229950824128004,0.1061675198646136,-5.209934690923464,0.0829558989384472,,,142,12.705988,1.0856333,1.0,NGC_6475         ,5943.0444,268.87259332591,-34.51259069554
121470,268.87987944541,-34.48167642855,4042333991125456640,356.3038191076996,-4.641776063985509,3.6822009712350994,0.055788571289879,3.013336681909647,0.099876599095444,-4.6893167312491615,0.0787619946742692,,,146,10.085428,0.523077,0.7,NGC_6475         ,6920.539,268.87986370603,-34.48165623844
121471,268.92298567162,-34.4567715848,4042334437801967488,356.3432665434653,-4.660142806074088,3.5507775264222934,0.0446340061071006,3.248634646384767,0.0766048537755561,-5.813115949599235,0.0602298044498877,,,155,14.685448,1.6364164,0.9,NGC_6475         ,4353.4043,268.92296870829,-34.45674655611
121472,269.0131789533,-34.47270034007,4042334983265847936,356.36660899734346,-4.732546018886093,3.535663730096734,0.2460896152025741,3.5565908390967795,0.2947774002730311,-5.721362499729626,0.2396457518558402,,,140,16.403402,,0.8,NGC_6475         ,3402.9194,269.01316037837,-34.47267570643
121473,268.87494262604,-34.4079778298,4042337805057039744,356.3658431814157,-4.601451767836782,3.515040528034361,0.032155989975691,2.6950694465653102,0.0535564632962403,-4.859796803586932,0.0433907184212223,,,181,13.956366,1.3823214,0.9,NGC_6475         ,4848.8335,268.87492856146,-34.40795690567
121474,268.86201199061,-34.34157635947,4042339003363396480,356.418207284809,-4.559042538536184,3.46421978473928,0.1019546234894326,3.849664604027136,0.1728895206034211,-5.176229208381097,0.1439050906579339,,,165,16.551498,2.2639647,0.7,NGC_6475         ,3872.9949,268.86199191654,-34.34155407292
121475,268.97501566185,-34.35677441922,4042339278154390272,356.45170607429213,-4.64747586621436,3.5644656404178705,0.0612877500681916,3.0479673297692687,0.0931859533880703,-5.534600929422068,0.076626967558084,-16.766629247776393,1.946495007389348,157,11.894617,0.8914709,0.9,NGC_6475         ,6146.8447,268.97499976534,-34.35675058968
121476,269.00550342118,-34.29900765085,4042340107108903936,356.5145407282552,-4.640504900208126,3.545392557748829,0.057242380760618,2.9483223983090863,0.0964348770346116,-5.215968819347566,0.0819943358651589,,,147,15.291508,1.8731651,1.0,NGC_6475         ,4183.165,269.00548805496,-34.2989851932
121477,268.98413111392,-34.28664904422,4042340175879211776,356.5164583102882,-4.619037334679166,3.5519216428174336,0.0632499423974115,2.805771850246388,0.0997119648938953,-5.090532903132847,0.085164246089358,,,168,7.9459977,0.11806774,0.8,NGC_6475         ,8986.14,268.9841164928,-34.28662712664
121478,268.92003455334,-34.32643242454,4042340347678016896,356.4553696302545,-4.59299453083188,3.749623173130164,0.1089139837439383,2.872042845631169,0.1864467176695812,-4.516926214231486,0.1548557113696543,,,159,16.313261,2.2313461,0.8,NGC_6475         ,3902.4644,268.92001957978,-34.32641297666
121487,268.77396769472,-34.27481751842,4042351956900959616,356.43973594533594,-4.46268270843539,3.606776336566905,0.0577010020179031,3.377391380029587,0.0900364342669632,-6.33610576869079,0.0707663221781034,-13.908683757097595,2.851906652194889,160,11.712913,0.8753977,0.7,NGC_6475         ,5967.763,268.77395009732,-34.27479023796
121490,268.72049864758,-34.27852558955,4042354675695442304,356.414335417717,-4.42628805525709,3.5670650043215377,0.0783682484542652,3.644282100129364,0.0753507068136933,-5.070903136202772,0.0673256040590114,,,142,14.000787,1.4220428,0.9,NGC_6475         ,4740.741,268.72047965874,-34.27850375649
121491,268.6924470951,-34.27631659623,4042354710055386240,356.40460938765824,-4.405118806912765,3.6247978741248974,0.0490158976175482,3.197210975613132,0.0758529387038124,-5.190551306842563,0.0618305505814572,,,157,14.468538,1.5923996,1.0,NGC_6475         ,4469.011,268.6924304362,-34.27629424802
121492,268.63799396848,-34.27171172461,4042355599033268096,356.3859883160999,-4.363872397009864,3.527688656034408,0.036760756034988,3.0137216303491794,0.0608816680898819,-6.346589807448757,0.0485298651652914,,,142,13.125647,1.1503773,0.9,NGC_6475         ,5455.8438,268.6379782665,-34.27168439902
