source_id,ra,dec,l,b,phot_g_mean_mag,bp_rp,parallax,parallax_error,priam_flags,flame_flags,a_g_val,e_bp_min_rp_val,teff_val,radius_val,radius_percentile_lower,radius_percentile_upper,original_ext_source_id,j_m,h_m,ks_m,diff_min
659704266543218816,129.6549732468477,19.021083731607355,206.4603303332964,31.86494648927582,13.275563,1.5907698,5.308022418329839,0.0747819617352885,100001.0,200111.0,,,4389.335,0.7214556,0.6585218,0.76858145,08383723+1901161,11.349,10.757,10.613,0.00016190484128600957
659753126090987776,129.55580871846718,19.141571264582968,206.28867752508725,31.819817770036824,17.634932,2.9365864,5.3506344423087,0.1913433380137662,,,,,,,,,08381343+1908299,14.451,13.883,13.639,0.00017218846613632153
659758967246506880,129.4874834787187,19.236161145661388,206.1577595353924,31.792748253835438,11.645328,0.966403,5.35752968095414,0.0527380663719266,100002.0,200111.0,0.118,0.0457,5296.0,0.9179837,0.89152926,0.9419112,08375703+1914103,10.47,10.12,10.038,0.00017037057109921218
661006019590629760,130.2946493626969,19.03153914908968,206.70087722521063,32.43444621716806,16.887236,3.036419,5.516094341596099,0.1755924038911391,100001.0,,,,4072.8665,,,,08411075+1901539,13.705,13.077,12.842,0.00018362216035144847
661008527851529728,130.3998073677706,19.107022435384835,206.6585638324433,32.55403663717362,13.63673,1.6001959,5.37618388179415,0.030762257426871,100001.0,200111.0,0.3967,0.176,4366.0,0.6128957,0.5752837,0.64302117,08413599+1906255,11.752,11.12,10.978,0.00016869529321625465
661026738512909440,130.5799786361016,19.037386090406255,206.80703811436325,32.68896922559384,16.145971,2.5160723,5.400609900031637,0.0766051194270981,100001.0,,0.196,0.1067,4005.5874,,,,08421923+1902148,13.437,12.838,12.529,0.00017285322236128677
661028284701128576,130.62791898599667,19.11598204691513,206.73848683064864,32.75899879126981,17.687504,3.0810127,5.501600786586884,0.14952382463907,,,,,,,,,08423074+1906578,14.51,13.992,13.594,0.00017064219375412514
661031480156796544,130.58352658328508,19.15152647861368,206.68142233173316,32.7321889376336,13.096282,1.4170685,5.31500011764345,0.0259366646649158,100001.0,200111.0,0.306,0.1443,4682.49,0.6498401,0.6104451,0.72537196,08422008+1909057,11.394,10.848,10.696,0.000172282803667206
661034155919816960,130.55125967986734,19.21346366460626,206.59977102982208,32.725342072078604,13.259915,1.4656429,5.335183792500896,0.021762220877546,100001.0,200111.0,0.2457,0.132,4566.59,0.6440658,0.57549316,0.71643686,08421233+1912488,11.54,10.944,10.833,0.00017388668821577446
661190153430426880,130.02365258644954,19.025130900124232,206.601091940324,32.192450611302135,12.30935,1.2955589,5.332635253300923,0.0618222567513121,100001.0,200111.0,0.7333,0.349,4926.0,0.8127413,0.7579324,0.9004905,08400571+1901307,10.658,10.149,10.009,0.00016777488532743943
661194310958749696,130.31411259534048,19.086155752723748,206.6479700270154,32.47089106963209,15.805157,2.4700642,5.300649869322621,0.0645243764790131,100001.0,,,,3845.885,,,,08411543+1905104,13.109,12.49,12.254,0.00017769917894363215
661196406902775424,130.4006694415149,19.1425887113866,206.61939215734185,32.567289919000075,9.232459,0.53190136,5.149682353734075,0.0556695299414268,100001.0,200111.0,0.957,0.4493,7018.11,1.6003412,1.5241737,1.7023206,08413620+1908335,8.516,8.425,8.351,0.00019416711500012772
661198915163689472,130.21782298158664,19.174487794007337,206.5120965488749,32.416760051933366,16.011837,2.827754,5.653255975934872,0.2727645655284516,100001.0,,,,3712.8699,,,,08405231+1910284,12.989,12.38,12.104,0.00017869870590472777
661199911596105600,130.13716463223096,19.194267284575524,206.45849780456484,32.3523723858424,8.590657,0.39579773,5.484734645887049,0.0574293030411953,100001.0,200111.0,0.6637,0.345,7388.7197,1.8318049,1.7613251,1.9212552,08403296+1911395,8.083,7.994,7.964,0.00017530618444013015
661200083394793216,130.16333759326875,19.22823695378285,206.4311010736897,32.38743451912563,7.7580204,0.30743694,4.960648714561242,0.0768859276154243,100001.0,200111.0,0.7277,0.3577,7708.0,2.7549765,2.6392019,2.8568406,08403924+1913418,7.329,7.243,7.23,0.00015334229507965098
661206577385260800,129.9917792188454,19.2015758101952,206.39337386962129,32.22638061592774,9.375362,0.5644808,5.270606143650803,0.0694884126232007,100001.0,200111.0,0.688,0.3623,6632.0,1.6361922,1.564713,1.6875345,08395807+1912058,8.692,8.51,8.482,0.0001764976032609049
661207024061875456,129.80055741569296,19.11555998141989,206.4134050304132,32.02703564463529,10.44719,0.73242855,5.344843039182075,0.055877508519673,100001.0,200111.0,0.0895,0.033,6083.6665,1.1745822,1.0980558,1.2600582,08391217+1906561,9.555,9.313,9.258,0.0001707518926704244
661209566682500736,129.94386131546725,19.21773280393958,206.35671266187651,32.18968760779706,14.64477,1.9956017,5.167254243278057,0.0529658120678344,100001.0,200111.0,,,3776.2651,0.63971895,0.5733055,0.669435,08394656+1913041,12.345,11.68,11.506,0.00017281712125050982
661210666194127360,129.90162922771256,19.260442114876497,206.2929269486431,32.167342554338646,13.796629,1.6912184,5.538927832829525,0.0476199278722806,100001.0,200111.0,0.681,0.3228,4232.0,0.60819745,0.574286,0.6520931,08393643+1915378,11.809,11.182,11.01,0.0001776244467116671
661210734913600000,129.93593873430416,19.27516211658161,206.2900614181393,32.202835663612746,7.6167507,0.2746358,5.229826118028576,0.0780966914958003,100001.0,200111.0,,,7983.6665,2.6317277,2.4145405,2.829737,08394466+1916308,7.226,7.216,7.092,0.00017280366474340894
661211142933150336,130.08889890426835,19.17485769281813,206.4610606372287,32.302874296387984,19.13446,2.350359,1.3171369976547942,0.5626096307061678,,,,,,,,,08402132+1910293,16.517,15.715,15.455,0.006296819522761362
661211142933150336,130.08889890426835,19.17485769281813,206.4610606372287,32.302874296387984,19.13446,2.350359,1.3171369976547942,0.5626096307061678,,,,,,,,,08402132+1910293,16.517,15.715,15.455,0.006957204073169521
661211727047722752,130.10919858798016,19.219369329278564,206.41970570458517,32.33645158767179,12.571798,1.2511215,5.350560231264924,0.0569061677495996,100001.0,200111.0,0.241,0.135,4917.93,0.72085685,0.67853016,0.74703276,08402624+1913099,11.088,10.583,10.461,0.00017417039712736248
661212933936844416,130.1141587359789,19.277983892034776,206.3566690638233,32.36138431644477,11.008219,0.8301096,5.172223400870936,0.0716106048207951,100001.0,200111.0,0.1035,0.0532,5766.6665,1.0508779,1.0356171,1.103624,08402743+1916409,10.012,9.698,9.655,0.00016874479609074811
661214136527890944,130.19185901677696,19.30954412309037,206.3520568905693,32.44112834615177,9.450672,0.5661812,5.155494943710517,0.0579032895916733,100001.0,200111.0,0.6077,0.274,6572.73,1.6449593,1.5740345,1.6674262,08404608+1918346,8.735,8.56,8.534,0.00017400648373205505
661215751435494144,130.010222383025,19.27765648818285,206.31635917651457,32.26937967449905,16.993984,2.7520561,5.398905139907574,0.144377269058308,100001.0,,0.1567,0.08,3918.4102,,,,08400249+1916397,14.025,13.401,13.235,0.00016823462614196699
661216369910684544,130.0263208823676,19.307312071249807,206.2898002475954,32.293999856627174,10.803354,0.941247,5.335657202745391,0.0735875114566718,100001.0,200111.0,0.3487,0.1865,5376.0,1.3112314,1.2358631,1.3694946,08400635+1918264,9.701,9.321,9.228,0.0001732287179696169
661216404270424832,130.002789498072,19.309590657750164,206.2780774744128,32.27399588452603,13.80527,1.7714415,5.181008469663594,0.0421841295371396,100002.0,200111.0,1.153,0.5663,4026.5,0.7604951,0.64537406,0.79528713,08400070+1918347,11.744,11.096,10.918,0.00018788320767367095
661216743570426240,129.9679027979161,19.31257951651948,206.2611327055043,32.24420347389723,10.111774,0.67699623,5.398762150780874,0.0660001766070493,100001.0,200111.0,0.15,0.069,6158.867,1.3227664,0.94956833,1.3892002,08395234+1918455,9.283,9.091,9.008,0.00017448544445385406
661216747867811328,129.9637966651099,19.305543382760565,206.26731987571583,32.2381093834155,17.275818,2.7304688,5.373438156368564,0.181847078287742,,,,,,,,,08395135+1918201,14.264,13.67,13.417,0.00017053592329681867
661216949728995584,129.91861010772217,19.31490776104187,206.2392955086408,32.20144700327936,17.116632,2.79636,5.542314936368012,0.1871398261951415,,,,,,,,,08394051+1918539,14.083,13.473,13.228,0.00018074696275338731
661219290488437632,130.01718858221736,19.41390168003496,206.168081290266,32.323195585094375,16.828465,2.8126678,5.45869199292448,0.158174549013679,100001.0,,0.4488,0.265,3904.36,,,,08400416+1924502,13.836,13.21,12.967,0.00017758521733547185
661219840244243200,130.06443261358865,19.45854827060956,206.13695006666413,32.380523913433734,13.394865,1.6111917,5.6084415550350775,0.1127953178712206,100002.0,200111.0,0.6642,0.3403,4314.0,0.681063,0.60494846,0.73501486,08401549+1927310,11.43,10.85,10.689,0.00017309149898672285
661220080762501120,130.45545524400134,19.196336122463503,206.5811872827657,32.63460067529456,13.822029,1.8354559,5.188264684798015,0.0421807731442498,100002.0,200111.0,,,3945.25,0.80517596,0.687445,0.82991624,08414934+1911471,11.649,11.013,10.834,0.00018109813236217909
661220969817342848,130.4764180992273,19.25733235544234,206.5215541373857,32.674494740217284,11.219938,0.9093189,5.35114315345601,0.0356659738011248,100001.0,200111.0,0.188,0.0967,5464.5,1.0391809,0.9987529,1.2419742,08415437+1915266,10.026,9.732,9.643,0.0001727331413109613
661220974115692416,130.4721341214279,19.26541315449367,206.5108801917584,32.67353190245913,17.97987,2.9011059,5.2727739005877945,0.3826127814279053,,,,,,,,,08415335+1915558,14.762,14.238,13.887,0.00017608024232600703
661221760091324544,130.43938534137058,19.267233280270155,206.4960135546945,32.64520563823803,10.0419855,0.6742525,5.436498007937776,0.0441673140494553,100001.0,200111.0,0.126,0.066,6182.4,1.3457996,1.2434263,1.4142317,08414549+1916023,9.223,9.029,8.933,0.0001783258073233643
661221828810801408,130.41244349438702,19.265725859715143,206.4871276779945,32.62085180336054,12.76994,1.2831001,5.49049205926498,0.0452896297295552,100002.0,200111.0,0.142,0.053,4961.0,0.6269692,0.58995754,0.6875098,08413902+1915568,11.205,10.674,10.574,0.00018014596424556866
661222073627319296,130.43269703433262,19.30221998122357,206.4544619822916,32.65152081057333,14.743064,2.0171623,5.456425448907137,0.0319581946468943,100001.0,200111.0,0.4577,0.239,3722.0,0.607278,0.49708915,0.6259726,08414388+1918082,12.475,11.795,11.635,0.00017447539641006246
661222279785743616,130.54774400019068,19.27695703322184,206.52767643383964,32.74443792313222,11.928089,1.05264,5.444306647483477,0.0314304062408426,100001.0,200111.0,0.05,0.029,5088.6,0.8738579,0.8491833,0.91304636,08421149+1916373,10.66,10.242,10.173,0.0001761331837640777
661224547528488064,130.3648477306642,19.27754657630233,206.45532796361104,32.58289580465523,15.113562,2.257166,5.346895657073606,0.071005525807658,100002.0,200111.0,1.0287,0.4993,3667.22,0.54870486,0.3615302,0.59977174,08412760+1916395,12.593,11.924,11.717,0.0001693187014161196
661224581888230400,130.3264905140531,19.260937500836125,206.45875749772483,32.54316478989172,7.989249,0.29907608,5.070536930072678,0.0679763260393447,100001.0,,0.7365,0.369,8779.25,,,,08411840+1915394,7.426,7.347,7.293,0.00017594502206417194
661229564050262528,130.63423705351917,19.396130621998704,206.4286573540504,32.86248935271662,10.845135,0.8090191,5.13692879185418,0.1022005960114255,100001.0,200111.0,0.13,0.0617,5792.0,1.1297939,1.0667478,1.1607951,08423225+1923463,9.836,9.536,9.458,0.00018177232788204188
661229976367125504,130.59910675358876,19.386736111013743,206.425407667164,32.828154344392544,17.54304,3.006464,5.510684853873608,0.1625560977462821,,,,,,,,,08422382+1923124,14.357,13.726,13.405,0.00017822579345465363
661233137463057152,130.5269018472769,19.411204631851422,206.3699080601152,32.7728298713447,7.9116883,0.28619194,5.400993506104384,0.0556923349827263,100001.0,200111.0,0.77,0.368,7864.25,2.279105,2.198016,2.402895,08420650+1924405,7.545,7.464,7.431,0.00017908722560343185
661233584139655040,130.5065036703116,19.44607144696636,206.3230725511732,32.76692861515004,17.13185,2.8336868,5.155253699810671,0.1197988303106548,,,,,,,,,08420159+1926461,14.133,13.572,13.331,0.0001703501995201161
661235439565517568,130.62805763242343,19.4918849488266,206.31934093259628,32.89031040035691,17.010246,2.7641668,5.365906852707536,0.111352011509185,100001.0,,0.135,0.08,4128.8,,,,08423077+1929310,14.101,13.532,13.233,0.00017416129636410157
661238635021126656,130.22408528592135,19.37883652574657,206.2876978019687,32.49383112048014,14.9130745,2.1261463,5.5244185622449296,0.0476033543129444,100001.0,,0.2493,0.1433,4027.0,,,,08405382+1922440,12.491,11.837,11.633,0.00018003368329961512
661239390935360512,130.2800227493134,19.446863312317365,206.23389303301263,32.566996444016425,12.180412,1.112011,5.521474819865468,0.0499766095787322,100001.0,200111.0,0.1053,0.053,5000.85,0.80138797,0.78355944,0.8169469,08410725+1926489,10.841,10.396,10.288,0.0001811529088700688
661239390935361024,130.27855983836534,19.44354186884492,206.2370172473524,32.56454650723796,16.652584,2.7387924,5.402128070383832,0.1211828907916153,100001.0,,,,3970.53,,,,08410689+1926370,13.748,13.09,12.853,0.00017683749118246357
661242861268936704,130.21868826258154,19.483159241781877,206.16964436634305,32.525422523784414,10.172423,0.6808195,5.250760930274734,0.0730089250866775,100001.0,200111.0,0.152,0.0745,6148.0,1.3274523,1.2460536,1.3770647,08405252+1928595,9.337,9.154,9.049,0.00017025906113065755
661243273585807872,130.09448789172427,19.464710489856884,206.1418071010072,32.409232785219565,10.545065,0.7495012,5.213290768964899,0.0531915828137309,100001.0,200111.0,0.087,0.046,6071.825,1.1558564,0.92582667,1.1846823,08402271+1927531,9.64,9.401,9.336,0.000171333649285244
661243307945543936,130.10625269727572,19.475708151881754,206.1341736986797,32.42346154455634,9.741808,0.6211386,5.359693205522584,0.0558043866651182,100001.0,200111.0,0.29,0.1517,6337.788,1.4894471,1.4450551,1.5220131,08402554+1928328,9.004,8.779,8.763,0.00017209682172737993
661244270018200192,130.29159591383626,19.50885586138721,206.16942458102335,32.59879654697451,9.982521,0.662797,5.355577500320106,0.0449569564803716,100001.0,200111.0,0.2502,0.1005,6234.35,1.3799919,1.3040789,1.4240738,08411002+1930322,9.177,8.934,8.908,0.0001693209092610813
661244647975316736,130.29694493671545,19.529584908606044,206.14843148442816,32.610728062628006,15.489465,2.5073938,5.438154144499779,0.0593075981664565,100001.0,,1.588,0.762,3591.423,,,,08411130+1931467,12.768,12.144,11.938,0.00017138597639932866
661246022364851072,130.23439834971208,19.580281732648107,206.0677118831101,32.573061053507814,6.7267632,0.25029707,5.301343911861242,0.0437595670786629,100001.0,,,,8088.0,,,,08405630+1934492,6.368,6.33,6.28,0.00017508548997575667
661246675199973504,130.4056985661868,19.52048354532524,206.20085921281927,32.703683637719934,13.157662,1.4335556,5.410946201218841,0.0253294603137214,100001.0,200111.0,0.367,0.1625,4626.5,0.6416175,0.58553433,0.6959128,08413741+1931140,11.426,10.883,10.731,0.00017583814361238307
661247602912908032,130.38962306945157,19.55000169880909,206.16171236368243,32.699723695444035,17.702526,2.9336567,5.393820921303348,0.1629173964113871,,,,,,,,,08413355+1933002,14.566,13.949,13.683,0.0001769117724261837
661247671632285312,130.3622455805399,19.54240922775571,206.1595322149593,32.67289260643323,9.717248,0.616374,5.402724173214852,0.044056797927383,100001.0,200111.0,0.2993,0.165,6466.0,1.4348289,1.4072293,1.4964365,08412698+1932329,8.935,8.779,8.722,0.00017843502021334097
661249595777725568,130.47313310605503,19.608428388090783,206.12898366950304,32.79378059229877,17.651781,2.9018803,5.628474973165218,0.1914261481845014,,,,,,,,,08415359+1936306,14.561,13.936,13.673,0.00017667084070325487
661251210685333120,130.33502744438908,19.62284730582616,206.0593368392053,32.67673667003283,15.040217,2.1461782,5.289621096936189,0.0387259075545456,100001.0,200111.0,,,3599.6667,0.6101551,0.52775776,0.6303031,08412044+1937224,12.676,11.956,11.789,0.00017649188264654722
661251966599576576,130.33284782802195,19.63458864992295,206.0454063304601,32.678877789627634,13.161329,1.4206238,5.358150561277696,0.024361572438191,100001.0,200111.0,0.2183,0.104,4706.435,0.61687535,0.5896162,0.6627296,08411992+1938047,11.455,10.896,10.762,0.0001752179918737838
661252997391718272,130.4260649852559,19.66048086705991,206.052647959258,32.77020339211115,9.468747,0.5855684,5.4411566330025805,0.0438591467687323,100001.0,200111.0,0.577,0.286,6592.5176,1.5364056,1.4731251,1.6003859,08414229+1939379,8.693,8.57,8.476,0.00017831864564046832
661253027453650432,130.45839935904664,19.659559801941,206.0662020323568,32.79845528393838,15.27003,2.253398,5.425230912767766,0.0552691561884907,100002.0,,0.4545,0.235,3723.1335,,,,08415005+1939347,12.737,12.134,11.891,0.00017436520203515177
661253272269624576,130.41323340404023,19.674439919153578,206.0321023792036,32.76369323477634,15.997236,2.6036806,5.467303846621228,0.0655594272219583,100002.0,,0.727,0.391,3670.0,,,,08413921+1940282,13.186,12.558,12.303,0.0001776004789863028
661253478428045568,130.4826297298127,19.68962271988413,206.0420193909493,32.8302559348998,10.896122,0.82912445,5.433313538526468,0.0451817825430551,100001.0,200111.0,0.0887,0.047,5714.675,1.0744722,1.0284989,1.1398778,08415587+1941229,9.869,9.627,9.544,0.0001763149816190197
661257154920147072,129.7301010822795,19.28377075632645,206.20007307318767,32.02390872574363,15.078538,2.2031498,5.373238204651042,0.054596316124967,100002.0,200111.0,,,3718.4775,0.53005373,0.35926068,0.59101003,08385527+1917017,12.629,11.933,11.741,0.00017230584132849888
661257704675956480,129.81344055828734,19.28647608308708,206.2296513035189,32.098519957900784,15.652394,2.3852425,5.468079785987518,0.0837022109848366,100001.0,,0.388,0.1857,3824.0,,,,08391526+1917114,13.043,12.386,12.208,0.00016755203237192793
661258872906952320,129.75933089176533,19.326187934798224,206.1646248549604,32.0646196756377,12.122607,1.1192741,5.460101591533724,0.0647321188582582,100001.0,200111.0,0.1167,0.0583,5012.21,0.8274842,0.8190274,0.8400978,08390228+1919343,10.73,10.372,10.259,0.00017685245480418793
661259525741991808,129.6559634693542,19.25793223294514,206.19962193280472,31.94930853903776,16.185865,2.7311497,5.440222016952396,0.1023597840184506,100001.0,,,,4211.9697,,,,08383748+1915286,13.323,12.594,12.397,0.0001763537080863099
661260212933886464,129.71238603599133,19.3091382079911,206.1651366624107,32.01715225866364,17.88741,,5.408177954763472,0.2524270968360728,,,,,,,,,08385103+1918335,13.912,13.366,13.041,0.00017264267174092455
661263305313199360,129.67258822288565,19.421687033069745,206.02529198423156,32.021405812438864,14.006324,1.755127,5.323559040745056,0.043302308391765,100001.0,200111.0,0.107,0.1167,4170.75,0.6016357,0.5109979,0.66068697,08384146+1925181,11.997,11.341,11.188,0.00017090039554402698
661263408392412928,129.71117066416363,19.415006463112803,206.0476882319256,32.05315880448069,15.963691,2.5474825,5.450561019143875,0.1081497506063546,100001.0,,0.5177,0.2937,3794.7,,,,08385072+1924541,13.19,12.562,12.327,0.00017574161522485038
661264439184662016,129.94045703450104,19.36692935172029,206.1902228191209,32.23896533272492,10.517451,0.7500143,5.314300387369809,0.0608428205228477,100001.0,200111.0,0.0693,0.039,6230.3164,1.0885046,0.8630365,1.2284678,08394575+1922011,9.565,9.357,9.259,0.0001734371705181835
661264679702825344,129.97134189212247,19.400981908791728,206.16453743062456,32.27816461037369,16.820024,2.7169218,5.136658419952739,0.1278322926633744,100001.0,,0.279,0.1543,3731.1768,,,,08395316+1924037,13.905,13.314,13.014,0.0001705112051928439
661265229458645120,129.88214005706743,19.404827406191085,206.1255200848121,32.20067604971163,16.534225,2.7119226,5.594077993892795,0.1699931560222347,100001.0,,,,3970.53,,,,08393175+1924176,13.566,12.991,12.725,0.00016758668247878362
661265951013145344,129.9096938971486,19.440804154626942,206.09640227074985,32.23759144842231,12.36487,1.1854887,5.345567108831743,0.0601908562510725,100002.0,200111.0,0.2583,0.1148,4888.5273,0.80614895,0.79546404,0.8129746,08393836+1926272,10.839,10.386,10.286,0.00016641911899740902
661267325402674048,129.97652873245897,19.460273997452436,206.1008295232524,32.3034446800392,17.320652,2.842884,5.677665725307879,0.2282113240047072,,,,,,,,,08395441+1927372,14.242,13.608,13.358,0.00017949252351321288
661268253115601792,129.9905455070497,19.541422342808605,206.016262338238,32.34409832749334,7.487116,0.32122087,5.298909666609552,0.0827932491633495,100001.0,200111.0,0.638,0.3445,7620.3335,2.9807122,2.7713032,3.1546705,08395777+1932293,7.065,7.034,7.007,0.00017204252052855168
661268940310277888,129.85391358839905,19.459289444528867,206.0542271059624,32.194755121273325,10.327291,0.7717571,5.337426079104807,0.0722318486270747,100001.0,200111.0,0.2877,0.155,5886.5,1.332819,1.3055171,1.4171939,08392498+1927336,9.357,9.088,8.997,0.0001696231094736864
661269043386545536,129.86893372449123,19.47359618820805,206.04422193698736,32.213018742343635,11.375244,1.0907736,5.416421187196803,0.0726240616147328,100001.0,200111.0,0.5827,0.2845,5060.6875,1.1486776,1.1217798,1.1831584,08392858+1928251,10.035,9.626,9.533,0.0001727566730960135
661270486498500352,129.90172889867688,19.48546273704612,206.0438219960131,32.24613404559648,14.4474535,1.9059324,5.370224009182044,0.0507138980529281,100001.0,200111.0,0.0895,0.0493,3843.0,0.6362692,0.50490105,0.65534127,08393645+1929079,12.254,11.602,11.391,0.0001727852678777887
661270795736143872,129.89885586407166,19.511890880391768,206.01341663573663,32.25280713002469,12.740665,0.77079296,1.7037760071377392,0.0656168977175166,100001.0,200111.0,0.3915,0.199,5941.0,1.3473004,1.0785525,1.6359105,08393574+1930426,11.746,11.405,11.365,0.0031929022267493607
661271173693364864,129.9611560320878,19.540752440908097,206.00559937522684,32.317899525153265,6.355789,1.1021953,5.5130410403606565,0.334522135881848,100002.0,200111.0,,,5018.4,11.629918,11.035685,11.972889,08395072+1932269,5.18,4.633,4.389,0.00017128899305099242
661271238116475648,129.9616545866554,19.550521535604663,205.99495524834663,32.3217393183478,11.630432,0.96574306,5.3931755118504405,0.0739167372204726,100001.0,200111.0,0.118,0.057,5379.3335,0.8850724,0.8706624,0.8914688,08395084+1933020,10.421,10.085,9.996,0.00017274970302667305
661277908202012672,129.48788428733872,19.46380569508557,205.9069998110091,31.872965963422693,16.586912,2.7693024,5.170905280228579,0.1174615941045759,100001.0,,0.6415,0.3825,4076.08,,,,08375712+1927499,13.658,13.018,12.767,0.00017573223948713187
661279042073291776,129.45746273942743,19.5140543754538,205.8397611837009,31.863660052258638,15.031652,2.1481285,5.257287498211621,0.059795171949913,100001.0,200111.0,0.391,0.1873,3598.0,0.6172837,0.5224074,0.6404781,08374982+1930508,12.6,11.994,11.78,0.00017202831119056367
661281756492696448,129.6954498859958,19.50086583935849,205.9466500819456,32.069264829501904,8.915397,0.44596004,5.216658650176257,0.0691812566290642,100001.0,200111.0,0.854,0.4185,7135.967,1.7705829,1.6522387,1.8269609,08384695+1930033,8.346,8.296,8.221,0.00016547280113647552
661282031370596608,129.76698075589215,19.522633654034315,205.9503268725212,32.140046235182815,13.331757,1.4851589,5.277682095924519,0.0348104878575712,100001.0,200111.0,0.285,0.1405,4546.615,0.6378266,0.59245723,0.71017987,08390411+1931216,11.562,10.987,10.857,0.0001663313111909533
661283199601699328,129.722911252144,19.571322283855007,205.87934968116429,32.11808214651939,13.651216,1.6277561,5.482192494411884,0.0581025525095594,100001.0,200111.0,0.3833,0.2015,4224.75,0.6605914,0.61674714,0.6731163,08385354+1934170,11.734,11.1,10.965,0.00017371912159243092
661285707862587520,129.79210047614816,19.67837130001178,205.78753898968,32.21640115135662,9.320175,0.5545683,5.272475075679764,0.0825036907491092,100001.0,200111.0,0.7967,0.3705,6939.1377,1.5345026,1.465739,1.6598414,08391014+1940423,8.656,8.502,8.415,0.00017352600296919354
661288628440350080,129.77528882891983,19.67675863948657,205.78283325983,32.20099553228099,7.367332,0.37470675,5.174034161981648,0.0855178223639644,100001.0,200111.0,,,7450.0,3.3595438,3.2282388,3.4908915,08390612+1940364,6.857,6.769,6.708,0.00017156640295859325
661289105178505344,129.76161775022666,19.724663037653777,205.72445836021484,32.20554056941239,9.179134,0.6467972,5.2715787711277065,0.0773185254071464,100001.0,200111.0,1.274,0.6295,6396.35,1.9258541,1.7457134,2.033336,08390283+1943289,8.366,8.126,8.125,0.00017880073343208366
661290758744228224,130.0752385011217,19.531937671673603,206.0596730044224,32.41562933800279,7.499503,0.2026577,5.287221870318703,0.0691094443964498,100002.0,,0.4213,0.207,8339.333,,,,08401810+1931552,7.208,7.203,7.163,0.0001748599569158344
661291136701346304,130.11237624506313,19.54476004385792,206.0598500956257,32.452903189357016,6.2512307,0.22538948,5.29366438137262,0.0781183237525182,100001.0,,0.7427,0.385,8120.0,,,,08402702+1932415,5.94,5.922,5.879,0.00017409016811396194
661292511090872960,130.1768415850325,19.565950469664948,206.06131920397016,32.51722800922179,11.168357,0.8722935,5.434498925342303,0.0594475260197104,100001.0,200111.0,0.1077,0.051,5708.6665,0.94985634,0.9201768,0.98566884,08404248+1933576,10.091,9.784,9.706,0.00017264777616485632
661293537585522816,130.1997726342994,19.65888766343891,205.96680271228325,32.56972251692584,10.818336,0.9098549,5.204590760989708,0.147695780888981,100001.0,200111.0,0.5202,0.2393,5463.3,1.2861472,1.2089521,1.3563168,08404798+1939321,9.693,9.34,9.254,0.00016601883732527287
661293812462666240,130.13926737762782,19.633534937500432,205.97158786586732,32.50748463424379,11.973501,1.0612221,5.33734520749399,0.0510525712572664,100001.0,200111.0,0.058,0.0513,5497.3335,0.72635347,0.5714116,0.85528386,08403347+1938009,10.706,10.262,10.169,0.00017645279160972085
661294052980833792,130.11446988922276,19.655434903060755,205.937632081166,32.49317042033203,12.866198,1.308156,5.1991245086727735,0.0565427569368675,100001.0,200111.0,0.2813,0.1503,4977.0,0.62819916,0.6169916,0.65959,08402751+1939197,11.302,10.807,10.688,0.00017037384869822528
661294327858739712,130.16616675520427,19.66915591458248,205.9423700547261,32.543591586809264,10.697074,0.8750334,5.224472651748133,0.0716845415735658,100002.0,200111.0,,,5518.0,1.3243622,1.2794453,1.366033,08403992+1940092,9.61,9.311,9.189,0.00017043176753269788
661294705815866240,129.99976050600668,19.57785965490819,205.97939557412687,32.36491107029787,12.577033,1.2068586,5.336596430721749,0.0710894467496527,100002.0,200111.0,0.068,0.0247,4907.6475,0.72492987,0.68425286,0.7482766,08395998+1934405,11.134,10.65,10.552,0.00017207157392976131
661295324291154816,130.04017466486263,19.621360973794012,205.94674609680297,32.41572237696523,11.802105,0.9972429,5.245219181855012,0.0584345233106487,100001.0,200111.0,0.1763,0.0808,5372.3335,0.84342295,0.6493174,0.9197227,08400968+1937170,10.556,10.24,10.133,0.0001705584205834124
661295461730107392,130.05115940111463,19.63947697482392,205.9308704028143,32.43171158244938,9.761701,0.64547634,5.828619178428765,0.0662135775233955,100001.0,200111.0,0.2655,0.125,6375.3335,1.3408853,1.3142213,1.3768905,08401231+1938222,8.928,8.714,8.669,0.001256998076324432
661295672186702336,130.0481241191473,19.6532179714228,205.914425834462,32.43379582491646,15.93543,2.8332663,5.264626180980684,0.0899231373597692,100002.0,,,,3670.35,,,,08401158+1939118,12.939,12.332,12.071,0.00017156509922267163
661296290661998208,129.94690059349767,19.659485586217567,205.86831277654164,32.346561094859496,16.887651,2.8770847,5.013659304161428,0.1645988535202185,100001.0,,0.8543,0.475,4236.485,,,,08394730+1939344,13.784,13.204,12.904,0.0001779219141167426
661296565539900544,130.01020479475915,19.676437859903924,205.8739597599176,32.4083518892306,16.60298,2.691328,5.373945749016745,0.129279376778968,100001.0,,0.366,0.1763,3604.725,,,,08400249+1940353,13.71,13.125,12.851,0.0001720447402266844
661297080936069632,130.09186119652347,19.66987667881625,205.9128258193041,32.47820374410168,6.1590004,1.1381588,5.3705545341453975,0.0439755825538113,100002.0,200111.0,,,4952.0,13.522304,13.126444,13.921015,08402209+1940116,4.909,4.325,4.181,0.00017620180231785846
661297115295806592,130.0967836497608,19.67319866065909,205.91103543127795,32.483702770428486,10.299312,0.75037956,5.228680702732673,0.0589443817878296,100001.0,200111.0,0.316,0.159,5924.0,1.3595902,1.319565,1.3894498,08402327+1940236,9.368,9.078,9.005,0.0001856177435804569
661297321454333312,130.08628648612662,19.686678772398437,205.89198621150925,32.47909999026397,7.6532135,0.24276447,5.250352470218331,0.0587236789985372,100001.0,,0.6037,0.2995,8100.0,,,,08402075+1941120,7.327,7.294,7.275,0.0001731136401473651
661297458893183232,130.13110049688552,19.69523830935101,205.8997869800104,32.521647246889906,14.4248705,2.0453043,5.578351846310382,0.0451298067447278,100001.0,200111.0,1.2535,0.618,3772.0,0.6581719,0.57578075,0.6911162,08403151+1941430,12.105,11.462,11.218,0.00017754045943919034
661297493252924416,130.10875563419248,19.686422854998124,205.90095666984223,32.49885806958019,9.272019,0.5585451,5.311554649792156,0.0681158233309427,100001.0,200111.0,0.854,0.411,6561.26,1.7396213,1.6525667,1.879413,08402614+1941111,8.563,8.46,8.365,0.00017251908642497765
661297836848110592,130.12260569714664,19.72389487617469,205.8646181751167,32.52405992589518,17.727787,2.5024242,3.4940811521913164,0.2939627996078772,,,,,,,,,08402945+1943258,14.869,14.319,13.991,0.0060254680670656265
661298451027341056,130.02026224905268,19.729203330647803,205.8192036951678,32.435508542539374,9.68812,0.61769485,5.1596506670995765,0.0614296906989171,100001.0,200111.0,0.547,0.2747,6523.0,1.4960147,1.4595416,1.5203115,08400491+1943452,8.909,8.695,8.651,0.0001731634417650052
661298833282624000,130.05727677424738,19.748837528770277,205.81165424808043,32.47498913564271,15.195505,2.2054453,5.5021138114810215,0.0600402670698426,100002.0,,0.221,0.122,4034.4,,,,08401378+1944559,12.752,12.065,11.881,0.00017264061494645872
661300551269631360,130.17985840746064,19.719263413242462,205.89188617196157,32.57302670980376,6.7861295,0.28249025,5.298097051109401,0.0548291717196622,100001.0,200111.0,0.842,0.436,7607.0,4.129789,3.8632894,4.4918284,08404321+1943095,6.396,6.367,6.329,0.00017343666290017208
661300993647979776,130.236052405061,19.73472168698085,205.8963727732612,32.62800548199632,11.979385,1.0469255,5.280225401539204,0.040288213944577,100001.0,200111.0,0.066,0.0715,5060.25,0.8923268,0.86340654,0.93098503,08405669+1944052,10.719,10.315,10.213,0.00016988493487161453
661302887731820416,130.29278627529197,19.818555468066727,205.8247871166202,32.707042393137044,11.31113,0.91065216,5.436169554449619,0.0620985509769039,100001.0,200111.0,0.0658,0.0277,5483.3335,0.9731589,0.94514585,1.0532088,08411031+1949071,10.183,9.825,9.753,0.00017558455729074372
661303471844671104,130.16407337736825,19.715376399457888,205.89011580744605,32.55773983886132,16.57392,2.7305765,5.507051662290167,0.0992459592838089,102001.0,,,,4012.71,,,,08403942+1942553,13.46,12.873,12.59,0.00016939400095614715
661305838371084288,130.29432479559256,19.82948169822804,205.81318938494425,32.71216564475289,8.944861,0.47854233,5.398244918611339,0.0404165947763977,100001.0,200111.0,0.829,0.399,6996.1777,1.753435,1.6894171,1.8205547,08411067+1949465,8.364,8.238,8.19,0.00017652390312986133
661306319407420160,130.2898480809065,19.85512306072671,205.7828542788177,32.7170421926297,10.517456,0.8922186,5.375116112526714,0.0381960560060821,100001.0,200111.0,0.4677,0.2295,5539.0,1.386257,1.3403771,1.4331297,08410961+1951186,9.406,9.064,8.939,0.00017717062394605448
661308935045711872,129.94459848119206,19.7367726600954,205.78159721754795,32.37130939767448,17.621845,2.8802986,5.418368260938881,0.2174438725265841,,,,,,,,,08394675+1944126,14.522,13.941,13.636,0.00016772180139237983
661310756111835392,130.05589533366577,19.778751895941078,205.7778460722033,32.484108821544254,12.846568,1.3157272,5.286158252785524,0.0572616085539291,100001.0,200111.0,0.342,0.156,4946.94,0.6332247,0.61078346,0.6990651,08401345+1946436,11.282,10.739,10.64,0.00016981699392378606
661311443306610688,129.92755814056326,19.778398742345043,205.72878651973448,32.37066349940378,6.5924835,0.35575867,5.369994926371262,0.0705328256575298,100001.0,200111.0,0.618,0.3443,7502.5,4.566239,4.289572,4.817474,08394265+1946425,6.106,5.989,6.0,0.00017791893426201278
661311752544249088,130.00243901427,19.80650064262564,205.72638954117136,32.4464912965532,10.162404,0.6757002,5.323505300857155,0.0668347771233587,100001.0,200111.0,0.1405,0.0645,6162.3335,1.3090199,1.2560221,1.3611095,08400062+1948235,9.33,9.146,9.079,0.00017227856043922486
661313023854578560,129.87233737139724,19.78654942746335,205.69846503187952,32.32472565010271,12.312512,1.2666912,5.009546235601262,0.1109181707052141,100001.0,200111.0,0.6658,0.3517,5101.0,0.79081786,0.7740362,0.84151775,08392940+1947118,10.739,10.222,10.065,0.00017082853908392264
661313363154337280,129.77115621443772,19.75729969632813,205.6919493728727,32.22527053424623,17.096947,2.8621407,5.29054145812168,0.1998320041184009,,,,,,,,,08390512+1945264,14.01,13.424,13.164,0.00017854042703907048
661313504890920448,129.79092405464328,19.782984296079515,205.6710744363692,32.25161435130574,14.967959,2.4744987,5.283481414270112,0.1493962177243734,100002.0,200111.0,,,3851.6523,0.50511104,0.34639525,0.6746454,08390986+1946589,12.181,11.54,11.347,0.0001707543534622008
661313917207778304,129.81980507841547,19.79511774286398,205.66872896990668,32.28130935572277,15.53613,2.309619,5.403523120986542,0.0874919545581923,100001.0,,0.077,0.042,3975.81,,,,08391679+1947426,12.97,12.342,12.077,0.0001750598521409407
661314570042801280,129.904627789695,19.81604544680562,205.67813336030167,32.36342932714846,14.497636,1.9467955,5.363246605021471,0.050512070360746,100002.0,200111.0,0.319,0.113,3775.6667,0.65989476,0.64163977,0.68174547,08393715+1948580,12.286,11.622,11.386,0.0001736388474099732
661314638762274176,129.94595434826866,19.827566364728405,205.68122970335529,32.40389407533818,12.452263,1.1715021,5.309568163430908,0.0747681228899778,100002.0,200111.0,0.2523,0.1205,4959.7397,0.7509602,0.71699095,0.77032584,08394707+1949395,11.006,10.557,10.435,0.00017091313332549802
661315837054947840,129.84088916447462,19.86114167550417,205.60353441409143,32.32273355242336,12.283896,1.1289473,5.288665040026316,0.0589751809466894,100001.0,200111.0,0.1433,0.0802,5014.6,0.7921954,0.72046536,0.81994987,08392185+1951402,10.874,10.45,10.369,0.00017031471152900411
661317250102374528,130.13186671235525,19.850228268631096,205.7275283958408,32.57585626074203,11.43092,0.9290161,5.385304078518216,0.0463066101659753,100002.0,200111.0,0.157,0.071,5393.275,0.96582115,0.8142053,0.99503976,08403169+1951010,10.294,9.985,9.911,0.0001685117581002184
661319483485360000,130.20118894125577,19.92186716878684,205.67431146262152,32.66171985314942,10.86291,0.8154936,5.379406460594913,0.0491352377989159,100001.0,200111.0,0.094,0.0617,5857.6665,1.0443019,1.0248482,1.0949829,08404832+1955189,9.864,9.588,9.507,0.00016771150422749656
661319547906688896,130.22847327084418,19.935117077938127,205.67000218568447,32.69036163389439,11.877113,1.037735,5.509029390621481,0.043846518439974,100001.0,200111.0,0.07,0.0467,5179.87,0.84627444,0.80828035,0.87859577,08405487+1956067,10.597,10.188,10.132,0.00018012085065352348
661319552204833024,130.23706482608085,19.93479800520487,205.67365564272345,32.69783708671273,8.645911,0.41555214,5.36060812092017,0.0546301866530761,100001.0,200111.0,0.823,0.4097,7273.5,1.8814192,1.7893476,1.9165655,08405693+1956055,8.127,8.077,8.051,0.00017370030290201415
661319620924311296,130.2159466890273,19.941673133783077,205.6578798110756,32.68155513243964,15.969485,2.464511,5.53848103444638,0.0820024173691594,100001.0,,0.187,0.1098,3515.5,,,,08405187+1956302,13.298,12.679,12.4,0.00017630214692838613
661320067600915328,130.12727581629733,19.932944309253983,205.6335926389344,32.60027637230515,16.04603,2.5446014,5.202055151194884,0.0821924970503094,100001.0,,0.4677,0.257,3768.025,,,,08403058+1955588,13.273,12.612,12.394,0.00017272251092867897
661321304551503616,130.01509413700168,19.91647543326657,205.6088930843449,32.49558182573391,16.311468,2.8505745,5.164064303751698,0.1550218932567948,100001.0,,,,3904.36,,,,08400367+1954595,13.234,12.605,12.355,0.00018134704153996163
661322060465742336,130.04755822939757,19.97107625044161,205.5605373902636,32.543016250409416,6.5818324,0.026585102,5.206498219518862,0.0712884438392516,100001.0,,0.4295,0.229,9450.0,,,,08401145+1958161,6.498,6.547,6.532,0.00017202992391185135
661323641013704832,130.06379441366838,19.994247345945585,205.5409381016999,32.56530571486562,8.747283,0.42684174,5.351792662498999,0.0504532357182449,100001.0,200111.0,0.696,0.3425,6618.0,2.16094,1.7843317,2.9795744,08401535+1959394,8.188,8.139,8.044,0.00017123348849022824
661324431287688448,130.02657947132394,20.00773569688166,205.51166437920656,32.53709222672014,6.1356826,1.1047955,5.316194371046439,0.0589247279286375,100001.0,200111.0,,,5047.947,13.151215,12.892875,13.505751,08400643+2000280,4.692,4.468,4.201,0.00017110435086781196
661325187202016512,130.05441151317862,20.057759572051047,205.46655693734368,32.57881381609239,16.09962,2.739047,5.186720288140602,0.1004375683202429,100001.0,,1.612,0.9032,3904.6667,,,,08401310+2003281,13.117,12.511,12.247,0.0001774550094964153
661325393360354688,130.06317338319832,20.08715423669215,205.43712769546516,32.5966162170286,16.785547,3.0232096,5.402719306599902,0.1362579936390161,100001.0,,,,3996.62,,,,08401520+2005140,13.567,12.971,12.687,0.00017379629357059921
661331028356266752,130.64161259871838,19.60335367579629,206.2000594291072,32.94092401699148,15.8329735,2.7014732,5.315198596196905,0.0900203932186671,100001.0,,,,3793.89,,,,08423402+1936123,12.931,12.379,12.106,0.00018417683851682323
661344188136057984,130.56438695110643,19.687597946667683,206.07593587080797,32.901796661381574,9.772018,0.62197304,5.488618150761642,0.0487194479313014,100001.0,200111.0,0.1505,0.0778,6296.475,1.4536833,1.3727659,1.5083764,08421549+1941156,9.031,8.845,8.773,0.00017809123465385975
661347727189029504,130.49712535925366,19.745794585392304,205.98487425485496,32.86245216538,15.253603,2.2561474,5.312599462226932,0.0752591454949486,100001.0,200111.0,0.331,0.169,3585.0,0.5581884,0.40133563,0.58395994,08415935+1944452,12.743,12.073,11.889,0.0001750531530387095
661348517463001216,130.564399540109,19.815950966552546,205.93239952093737,32.94604878335846,16.27697,2.6121435,5.345052647996065,0.1085355261371185,100001.0,,0.4548,0.2488,3662.8198,,,,08421550+1948576,13.481,12.867,12.625,0.00017922295802075277
661350750845994240,130.55665560853225,19.83568454535886,205.90733319012364,32.94599574083138,15.478314,2.3081112,5.383474899225235,0.0534578237654871,100002.0,,0.3293,0.2105,4000.24,,,,08421364+1950086,12.949,12.293,12.054,0.00017990343490733053
661358241268943616,130.65657683826453,19.988528832659984,205.77453966804083,33.08666855077233,17.374935,2.9737606,5.107910433735649,0.1270637232298297,,,,,,,,,08423762+1959189,14.264,13.672,13.39,0.00016552047016579323
661396140060387456,130.4237467555038,19.832560168998015,205.8596077516434,32.82752752976995,17.490414,2.7644596,5.390313552225831,0.1500226725819273,,,,,,,,,08414174+1949575,14.515,13.832,13.603,0.00017419322511460364
661396754238802816,130.45849949663014,19.874113962387813,205.8265441014765,32.87251235783767,6.645986,1.1092877,5.431902979178197,0.0564623435854531,100001.0,200111.0,,,5040.1377,10.215117,10.006424,10.440804,08415008+1952270,5.24,5.026,4.683,0.000179206191374177
661397308291492608,130.36148413709887,19.87677255403708,205.78624582323891,32.787750660375224,17.879969,3.1329918,5.098714650758029,0.1751452363453042,,,,,,,,,08412680+1952367,14.657,13.949,13.765,0.000172872264774607
661401122222444288,130.35751606006852,19.943515067588343,205.7101540367296,32.80717591399402,10.578912,0.75805473,5.272677226949827,0.046737036419979,100001.0,200111.0,0.078,0.0347,5922.75,1.18589,1.1009463,1.2518951,08412584+1956369,9.659,9.396,9.329,0.00017263510073761573
661401225301656192,130.39079753994815,19.969030270409935,205.69440405197287,32.845313675310095,11.508884,0.94551945,5.41732173659577,0.0461523169408573,100001.0,200111.0,0.0737,0.0395,5328.0,0.95304805,0.7901487,0.9944159,08413384+1958087,10.392,10.083,9.928,0.00017625312838473085
661401358444641152,130.30722297520165,19.92193881599609,205.71494651825037,32.75536165436786,8.276146,0.28799915,5.495630534312896,0.0568239329237712,100001.0,200111.0,0.5207,0.2677,7879.0664,1.887951,1.7249227,2.0377157,08411377+1955191,7.875,7.825,7.774,0.00017821276263575234
661401431460014720,130.29368080042303,19.9351316827986,205.6950145732394,32.74793666592491,15.723408,2.684536,5.506132870270003,0.0774421313057695,100001.0,,,,3792.725,,,,08411052+1956067,12.86,12.26,11.971,0.00018060799548525914
661401431460014976,130.29064757659148,19.935292332338037,205.69367081453356,32.745313815986144,13.206443,1.4543676,5.327730316035456,0.027896908613925,100001.0,200111.0,0.46,0.196,4540.9023,0.6717858,0.5225354,0.702466,08410979+1956072,11.497,10.89,10.763,0.0001748585184016982
661402015575639680,130.36988304038852,19.975531048464504,205.6791143651164,32.82907764402916,15.765918,2.55857,4.998988356231944,0.0760394905744788,100001.0,,,,4107.955,,,,08412881+1958322,12.993,12.358,12.099,0.00017761050262147764
661402084295115904,130.35826785009925,19.987462102340515,205.66132316935017,32.82291346416362,16.857738,2.821375,5.356065544769605,0.1093287550234326,100001.0,,0.4755,0.2805,3761.8276,,,,08412602+1959151,13.89,13.261,13.077,0.00018026773269331348
661402423595631232,130.4318583049543,19.962088277316933,205.7179213211465,32.87918676302482,12.108118,1.0817642,5.185925295713766,0.0619798900913991,100002.0,200111.0,0.158,0.079,5042.0,0.8640508,0.8355323,0.897706,08414368+1957437,10.765,10.367,10.258,0.00018595446072732318
661406546764571392,130.58777622482324,20.05573733009173,205.6728032658281,33.04889639356366,17.212725,2.8509836,5.279515678320198,0.1404346062665956,,,,,,,,,08422111+2003208,14.22,13.528,13.272,0.00018511879250147459
661408818803811200,130.65400159988155,20.14211635049657,205.6012026593708,33.1368218865999,13.485536,1.57199,5.353441908377095,0.0304008342409749,100001.0,200111.0,0.5295,0.275,4285.522,0.6983855,0.64739305,0.73593885,08423700+2008318,11.634,11.036,10.871,0.00017578051606471651
661409609077800960,130.56920481936237,20.092313663356403,205.62468487459284,33.044989719596856,13.699285,1.6476898,5.281349680598356,0.0342084086827443,100002.0,200111.0,0.488,0.238,4385.027,0.59831554,0.5210743,0.662173,08421664+2005325,11.746,11.139,10.989,0.00017069142686802042
661410360695218048,130.49500998802847,20.10746319354932,205.57934519989425,32.98466697471217,12.870566,1.3324118,5.29298287714589,0.0418174962905486,100001.0,200111.0,0.3072,0.1493,4911.5,0.6371885,0.6100639,0.6917986,08415884+2006272,11.243,10.717,10.599,0.000174882757845583
661412495295816960,130.58988327106007,20.18159352280805,205.5324200643412,33.0936682476299,9.124775,0.52654934,5.289057364418375,0.055746239045971,100001.0,200111.0,0.858,0.4365,6901.0,1.6918043,1.5309931,1.8211488,08422162+2010539,8.444,8.283,8.28,0.00018591974392558543
661413762309577216,130.22371712590223,19.991400866221767,205.60536080414872,32.70548581676532,18.26798,1.4266262,1.0509881674105293,0.207575617108108,,,,,,,,,08405371+1959290,16.535,15.905,15.779,0.0073498648287098805
661413762309577216,130.22371712590223,19.991400866221767,205.60536080414872,32.70548581676532,18.26798,1.4266262,1.0509881674105293,0.207575617108108,,,,,,,,,08405371+1959290,16.535,15.905,15.779,0.007554921632615332
661414213282680960,130.31407110055486,20.03769966394293,205.5882384330504,32.8011087031017,13.746807,1.6567459,5.418951876485024,0.0288800517583069,100001.0,200111.0,0.343,0.169,4441.735,0.54912096,0.4669463,0.62194055,08411541+2002160,11.833,11.176,11.022,0.0001765744320836562
661417305659127296,130.3517530299259,20.13035813978138,205.4990075440175,32.86604448599021,15.386737,2.6500244,5.2244263908344015,0.0934409156149437,100001.0,200111.0,,,3445.0,0.6104866,0.44874632,0.70139533,08412446+2007495,12.531,11.898,11.639,0.00017115294771454136
661418405170762368,130.22472924631674,20.090054415532805,205.49557854641944,32.74017277669565,16.5768,2.6452131,5.394331902290605,0.1114877356303289,100001.0,,0.191,0.11,3421.615,,,,08405397+2005243,13.796,13.19,12.88,0.00017825490719042356
661419259867455488,130.0928103585514,20.10670024031062,205.42663604898348,32.62945814056479,9.956601,0.6626911,5.416992433115071,0.0742374796173926,100001.0,200111.0,0.248,0.1,6300.233,1.351223,1.3055478,1.4059485,08402231+2006243,9.137,8.924,8.852,0.00017477266886178813
661422764560767360,130.47124947927963,20.15938159210345,205.5120921731227,32.98140254203485,8.466562,0.41333103,5.389314522949372,0.0532875797104024,100001.0,200111.0,0.853,0.4095,7228.75,2.0562909,1.9830668,2.1089091,08415314+2009340,7.926,7.812,7.79,0.0001790065418616737
661422837576998784,130.46645216356623,20.16693327520657,205.5017992104349,32.97974226905251,11.820469,1.0284204,5.4113873223298325,0.058817281030077,100001.0,200111.0,0.0667,0.033,5145.56,0.89879364,0.825171,0.92679936,08415199+2010013,10.554,10.206,10.086,0.00017439703411552444
661424143247274624,130.40554018142353,20.210179000615785,205.43013221183008,32.940720517844774,17.163666,2.8575163,5.118335167641012,0.1367035278026831,,,,,,,,,08413737+2012368,14.185,13.48,13.333,0.00016727346144359767
664290948018472064,129.5153389947887,19.6975075578728,205.65954267722017,31.97867853003817,16.148317,2.5503597,5.311181196289047,0.0897942816295674,100001.0,,,,3990.97,,,,08380371+1941512,13.403,12.729,12.499,0.00016782811252932857
664292322407994624,129.61539892304302,19.765411750867013,205.62297338910423,32.09057460685698,15.2034,2.2901316,5.098490266205426,0.2314032938017976,100002.0,200111.0,1.182,0.568,3485.0,0.6545007,0.53655434,0.6725181,08382772+1945556,12.63,11.969,11.765,0.00017351533609711795
664292459846946560,129.6366593712638,19.77372018233687,205.6219572809784,32.11222140719727,15.395498,2.255087,5.257328187591894,0.1084205356106706,100002.0,200111.0,0.2377,0.1517,3528.3333,0.5572876,0.4319655,0.5618431,08383283+1946256,12.878,12.252,12.014,0.00016679859676642576
664293387559886464,129.55911261728258,19.789789014061164,205.57432933378115,32.0493375604953,14.0415535,1.9417086,5.333991091871226,0.0671614066016678,100001.0,200111.0,1.2697,0.612,3826.0,0.78363544,0.6362198,0.8325074,08381421+1947234,11.784,11.11,10.913,0.0001713379416015936
664293387559886592,129.55787979522577,19.78966755771206,205.573989574262,32.04820731679181,15.161952,2.2000084,5.156084559446042,0.0946411554284291,100001.0,,,,4129.5,,,,08381392+1947230,12.666,12.025,11.794,0.000171667032789314
664297064051880832,129.6233086098588,19.86242789178215,205.5185549639352,32.131133899299854,13.525853,1.5666456,5.238168355001592,0.0630851569457071,100002.0,200111.0,0.5005,0.258,4281.8804,0.7024645,0.65865195,0.7412755,08382963+1951450,11.67,11.063,10.931,0.00017215973418727943
664310601788795392,129.5045933133314,19.978559451787227,205.34441293057463,32.06647150523385,16.901033,3.0063915,5.455429438217338,0.2018045413481257,100001.0,,,,4305.75,,,,08380113+1958430,13.805,13.101,12.862,0.00017054734078680056
664311392062657920,129.46686941159314,19.98712654210043,205.320503394072,32.03614630398201,11.096676,0.84554386,5.24907056545466,0.084333322614435,100001.0,200111.0,0.0877,0.047,5751.175,1.0000145,0.98121774,1.0337023,08375208+1959138,10.079,9.791,9.689,0.00017611293677765295
664316546023530368,129.73098312004134,19.84252930375293,205.5819673967504,32.21929166643902,17.499914,2.9508553,5.182243460477772,0.2337037037264444,,,,,,,,,08385547+1950334,14.395,13.764,13.576,0.00017060696820386513
664316614743007360,129.71246504870814,19.850489789889952,205.56602417395004,32.20569737778033,16.156738,2.755827,5.521530051139273,0.1281959227532329,100001.0,,1.217,0.642,4133.69,,,,08385103+1951021,13.222,12.633,12.357,0.0001791690991584215
664320497393421952,129.8103710777985,20.02192754283791,205.41318508356636,32.35117695143398,15.066672,2.1770945,5.318458812135385,0.046926234454303,100001.0,200111.0,0.435,0.2335,3676.6633,0.558912,0.44523144,0.60086054,08391453+2001191,12.602,11.936,11.716,0.00017751437220817854
664322421538783104,129.65758731974833,19.989689817570348,205.39057664106232,32.20528432948488,8.102281,0.2793193,5.40412332640612,0.1149394674690406,100001.0,,0.573,0.2725,8058.0,,,,08383786+1959231,7.7,7.663,7.61,0.00017975576603228532
664323280532234240,129.76478396903272,19.999692600582115,205.42046524899587,32.303308600501914,8.270773,0.29687214,5.242394960118106,0.0594410572533271,100001.0,200111.0,0.5605,0.273,7749.25,2.0398626,1.9749023,2.134789,08390359+1959591,7.86,7.819,7.769,0.00016662632094647438
664323761568567808,129.76321711144786,20.04371058333109,205.3709586294497,32.31705819124652,13.841472,1.7008018,5.498617772722282,0.0348398939787633,100001.0,200111.0,0.406,0.198,4296.73,0.57252645,0.4743867,0.6497654,08390321+2002376,11.867,11.209,11.051,0.00018314519831664531
664324684984105728,129.7082020497148,20.0675899118778,205.32342683150333,32.27672645571228,10.657494,0.76196766,5.432350057063029,0.0719220494482442,100001.0,200111.0,0.0753,0.0352,5899.75,1.119394,1.0759784,1.2602988,08385001+2004035,9.696,9.434,9.367,0.00017089830476273076
664325170317925120,129.92080158529183,19.991282280324757,205.4895036027928,32.43808991681957,14.630075,2.0700178,5.1455347516737895,0.0593384321537014,100001.0,200111.0,,,4070.75,0.50517714,0.36346915,0.63285756,08394103+1959288,12.177,11.498,11.323,0.0001795316457281963
664325548275046656,129.93950237627794,20.008798896706075,205.4771652688278,32.46061177639017,16.740763,1.7499771,1.8325593427338067,0.1581173948246581,100001.0,200111.0,0.0595,0.047,3974.0,0.580198,0.50033945,0.6266084,08394549+2000318,14.601,14.002,13.816,0.004421076288101181
664325616994522880,129.96965440857485,20.01804195500397,205.47840826531467,32.49039420218061,16.410301,2.6258936,5.463804765742646,0.1098345161645282,100001.0,,0.3557,0.2237,3861.9524,,,,08395276+2001052,13.57,12.902,12.659,0.0001755511762635926
664325857512593920,129.923777906839,20.02814980569704,205.44961367732716,32.453381452028204,14.973074,2.0890703,5.1296227957920495,0.0737585359002261,100001.0,200111.0,0.446,0.229,3669.25,0.6090579,0.53709644,0.6391792,08394174+2001415,12.596,11.944,11.756,0.00016846939426054639
664326922664482944,129.87658880807902,20.068996218563463,205.3861278239465,32.42576280929884,10.141285,0.81277275,5.249323601757233,0.0549232808072345,100001.0,200111.0,0.717,0.3545,5741.3667,1.5584217,1.4959228,1.6143711,08393042+2004087,9.14,8.839,8.807,0.00017088198267301767
664327433763175424,129.97926607064804,20.06497136758937,205.42981411571,32.51497722538697,9.991372,0.64485645,4.995503146233313,0.0800581603287985,100001.0,200111.0,0.3,0.1525,6547.0,1.333896,1.2406431,1.4223117,08395506+2003541,9.199,8.993,8.961,0.0001771281372876462
664328915529295232,130.00523861324643,20.135571986249168,205.3610412381077,32.56207232522299,9.565113,0.58780193,5.212951811468086,0.055536127737943,100001.0,200111.0,0.577,0.286,6610.793,1.525588,1.4495909,1.5664017,08400130+2008082,8.855,8.692,8.624,0.00017552365605921817
664329190407201280,129.9930557685999,20.158187516030644,205.33118510491084,32.55905934962915,8.825713,0.43899918,5.388639460040578,0.0570676533074877,100001.0,200111.0,,,7194.6035,1.7587397,1.7228357,1.8039595,08395838+2009298,8.273,8.217,8.1,0.0001813054522295618
664329946321463168,129.84335641169824,20.08181970796171,205.35917645909143,32.40084222362979,16.09472,2.4990501,5.189946898522234,0.092901778904727,100002.0,,,,3894.4968,,,,08392244+2004548,13.36,12.751,12.506,0.00016844110107902348
664330839674663296,129.77164029720268,20.11711172252381,205.29257748848943,32.3496793777034,9.289046,0.54733086,5.283260657129289,0.0595031419076469,100001.0,200111.0,0.843,0.4083,6857.935,1.589609,1.489254,1.6897464,08390523+2007018,8.603,8.455,8.413,0.00017449112193605238
664334035130360192,129.53142587444597,19.98781070363074,205.34442243805108,32.09333198361635,11.8502245,1.1061678,5.570376861155776,0.5343233010896299,100001.0,200111.0,0.264,0.1433,4993.9,0.9280806,0.84796107,0.9434714,08380758+1959163,10.457,10.009,9.898,0.00017246831057719035
664335684397673472,129.5332172341527,20.063991768365547,205.26066731865976,32.12113791126082,17.423227,2.8263435,5.471443159326064,0.1990060558823582,,,,,,,,,08380800+2003505,14.396,13.714,13.485,0.00017532964713572774
664337230586013312,129.60108630074123,20.106007385176248,205.2399302519048,32.19543527567107,10.405282,0.74673843,5.26448239605576,0.0678256670024561,100001.0,200111.0,0.298,0.143,5953.25,1.2726085,1.1873822,1.3270304,08382429+2006217,9.463,9.242,9.182,0.00017493646022441543
664337535526407680,129.58943902358055,20.13732251476093,205.2007371708167,32.19590995045616,17.852737,3.219431,5.466799016123926,0.2665545943248422,,,,,,,,,08382150+2008145,14.518,13.802,13.543,0.0001719173022394378
664339910645611776,129.47721072039087,20.136687966522484,205.15873354503148,32.09672318078906,15.150976,2.2081547,5.398825670096695,0.0998405144085829,100001.0,,0.6048,0.3092,3845.5999,,,,08375456+2008123,12.683,12.001,11.816,0.0001702505198019594
664343415338898944,129.73827370849935,20.181481652050454,205.20829369249435,32.34229969231946,13.41127,1.6216478,5.647222028325475,0.0333876976834018,100001.0,200111.0,,,4262.91,0.6963925,0.634195,0.7547722,08385722+2010536,11.48,10.861,10.716,0.0001766719562318715
664343896375336320,129.66256668739453,20.17071415499416,205.19147433894395,32.271847024980566,16.064177,2.6938162,5.293736164587808,0.0933854494155017,100001.0,,1.1467,0.6717,3775.1035,,,,08383906+2010148,13.163,12.48,12.285,0.00017996091176931324
664344274332354304,129.7297063077943,20.21906831514138,205.16323266790764,32.347602698701806,16.315823,2.7016163,5.226147235262618,0.1345214216914342,100002.0,,0.7723,0.4257,3904.6667,,,,08385517+2013089,13.451,12.837,12.545,0.00017675988725125453
664344824088164352,129.81230595198352,20.21072116387995,205.2038998736168,32.41759057801735,11.136425,0.87141037,5.46961601818486,0.0545345984785404,100001.0,200111.0,0.093,0.0345,5643.1,0.9825218,0.89209586,1.0308435,08391499+2012388,10.042,9.77,9.649,0.00016982123009685304
664422683254834304,130.13251642912704,20.201612683690826,205.33580793223635,32.69691916179087,11.338902,0.9097233,5.532530142337327,0.042621450271529,100001.0,200111.0,0.0848,0.0455,5566.0,0.91253567,0.8934931,0.9595491,08403184+2012060,10.259,9.903,9.831,0.00017603697599866347
